length,count
1,20881426
2,18352585
3,21007461
4,20090524
5,21891692
6,24066613
7,23218794
8,21531378
9,24796552
10,27254634
11,25405795
12,23807717
13,24002203
14,24051328
15,23762606
16,23980785
17,23520196
18,23512212
19,21905656
20,22112439
21,21463262
22,22715858
23,22252249
24,21613949
25,21512227
26,22850850
27,21012193
28,31327502
29,22566298
30,24194712
31,22862039
32,20358791
33,20531118
34,19959791
35,19813093
36,18042924
37,17604008
38,17463233
39,17152070
40,16891184
41,17281842
42,18786505
43,19874819
44,16711243
45,15762038
46,15663302
47,16118773
48,18752840
49,15015191
50,15123737
51,14802007
52,14975570
53,14768590
54,15487337
55,16727215
56,16049309
57,14968963
58,15008379
59,14509327
60,15168210
61,14563149
62,14429258
63,14260376
64,14042823
65,14049261
66,13751323
67,14041650
68,13748412
69,13295759
70,13147243
71,13142067
72,13248149
73,13608803
74,12778363
75,12658291
76,12623100
77,12542277
78,12487694
79,12744759
80,42158852
81,12597177
82,12607775
83,12498206
84,12413420
85,12403880
86,12662328
87,12343995
88,12452183
89,12173806
90,11953557
91,11848586
92,11730246
93,11553474
94,11484579
95,11349462
96,11393644
97,11292625
98,11187548
99,11067972
100,11158470
101,11225679
102,10856838
103,10683118
104,10621855
105,10661591
106,10850404
107,10810439
108,10336973
109,10357966
110,10735540
111,10812163
112,10010731
113,9902966
114,10399014
115,10323991
116,9785635
117,9677965
118,9636096
119,9805884
120,9375904
121,9242675
122,9860068
123,9477603
124,9057845
125,8988302
126,9096730
127,8983130
128,8912718
129,8834981
130,8737071
131,8926747
132,8753701
133,8640616
134,8673537
135,8791558
136,8459591
137,8285962
138,8289278
139,8355344
140,8808620
141,8043377
142,7859238
143,7923461
144,7938339
145,7789129
146,7750738
147,7618584
148,7542877
149,7550387
150,8108010
151,7745890
152,7375606
153,8531410
154,7332491
155,8582370
156,7270705
157,7205084
158,7095857
159,7117225
160,6994086
161,6948020
162,7175874
163,6844819
164,6779361
165,7453498
166,6751101
167,6825310
168,6750728
169,7043252
170,7075519
171,7040930
172,6773718
173,6616156
174,6589048
175,6873345
176,6748425
177,6516448
178,6533526
179,6410828
180,6347431
181,6155719
182,6042534
183,6031890
184,6026432
185,5940580
186,6053412
187,6090353
188,6266182
189,6184474
190,6000640
191,5891360
192,5834481
193,5921842
194,5950836
195,5872825
196,5896079
197,6153242
198,6039797
199,6032598
200,6145414
201,4549809
202,4435232
203,4406288
204,4342257
205,4293438
206,4281732
207,4264390
208,4193966
209,4395014
210,4126300
211,4148583
212,4072649
213,4200350
214,4223139
215,3991524
216,3974358
217,4238576
218,3898780
219,3863380
220,3839726
221,3806573
222,3762816
223,3759264
224,3759950
225,3720436
226,3679639
227,3623169
228,3608326
229,3585209
230,3562418
231,3578051
232,3583248
233,3579243
234,3494623
235,3477159
236,3481972
237,3450074
238,3436760
239,3400630
240,3400746
241,3381618
242,3336511
243,3372097
244,3392864
245,3331909
246,3323176
247,3302281
248,3317433
249,3264782
250,3245375
251,3209291
252,3186913
253,3169222
254,3140392
255,3126968
256,3122016
257,3081560
258,3069151
259,3036288
260,3035174
261,3035375
262,3019111
263,3027691
264,2990591
265,3306366
266,3028687
267,2941701
268,2936552
269,2932363
270,2929153
271,2913739
272,2949844
273,2917438
274,2896728
275,2928074
276,2922103
277,2930387
278,2939367
279,3032948
280,3021656
281,2892102
282,2896738
283,2767761
284,2715604
285,2700555
286,2685110
287,2651690
288,6287066
289,2631733
290,2595499
291,2642605
292,2600094
293,2611935
294,2584663
295,2755788
296,2560542
297,2533121
298,2572031
299,2532985
300,2474868
301,2449701
302,2455122
303,2436859
304,2404483
305,2396809
306,2359523
307,2352994
308,2346647
309,2333519
310,2327976
311,2305286
312,2340467
313,2278877
314,2720044
315,2267844
316,2254514
317,2237763
318,2247410
319,2196775
320,2201032
321,2182612
322,2155278
323,2154967
324,2158020
325,2132405
326,2129327
327,2114059
328,2094963
329,2077670
330,2074365
331,2103899
332,2062730
333,2066633
334,2058646
335,2023458
336,2035132
337,2032638
338,2075794
339,2148025
340,2014583
341,2000635
342,1987214
343,1991926
344,1965130
345,1959139
346,1949692
347,1911002
348,1922886
349,1892763
350,1945212
351,1938012
352,1906620
353,1858107
354,1863356
355,1838598
356,1836559
357,1847960
358,1815279
359,1801706
360,1800460
361,1780426
362,1777772
363,1775105
364,1776868
365,1755880
366,1755759
367,1733555
368,1738621
369,1753447
370,1729070
371,1733756
372,1702339
373,1737358
374,1715611
375,1671107
376,1667075
377,1665944
378,1656607
379,1659137
380,1649362
381,1662262
382,1632052
383,1638085
384,1622397
385,1620899
386,1614300
387,1603316
388,1609753
389,1596697
390,1589772
391,1576012
392,1629573
393,1566440
394,1559516
395,1557075
396,1578760
397,1548826
398,1551849
399,1545341
400,1571181
401,1529577
402,1515817
403,1508622
404,1505752
405,1501300
406,1487922
407,1497524
408,1497940
409,1488548
410,1473979
411,1492651
412,1456261
413,1458004
414,1440479
415,1443668
416,1429131
417,1419635
418,1419459
419,1414426
420,1415806
421,1420673
422,1427064
423,1386175
424,1377399
425,1382171
426,1387477
427,1401593
428,1359873
429,1363751
430,1352075
431,1336138
432,1354785
433,1335864
434,1327349
435,1310652
436,1314975
437,1372014
438,1317555
439,1300421
440,1392967
441,1322160
442,1317717
443,1271441
444,1301657
445,1274805
446,1269647
447,1270781
448,1277215
449,1259115
450,1250542
451,1240657
452,1355837
453,1240319
454,1223529
455,1238232
456,1217624
457,1216274
458,1197415
459,1197025
460,1261273
461,1195716
462,1196747
463,1177929
464,1182210
465,1183388
466,1167344
467,1168982
468,1158435
469,1155487
470,1160495
471,1165590
472,1158592
473,1144988
474,1142581
475,1182155
476,1129116
477,1134381
478,1120817
479,1151223
480,1121308
481,1131801
482,1119091
483,1142798
484,1105874
485,1105160
486,1108151
487,1093621
488,1160797
489,1087215
490,1117433
491,1081789
492,1068594
493,1074167
494,1068501
495,1067419
496,1070152
497,1061597
498,1067120
499,1055092
500,1061267
501,1054793
502,1030849
503,1040954
504,1035993
505,1023136
506,1025247
507,1023992
508,1024163
509,1019084
510,1005369
511,1006806
512,1011916
513,997917
514,1005474
515,1002110
516,1004486
517,988786
518,989797
519,980783
520,1037395
521,979509
522,978279
523,983327
524,1049705
525,1032342
526,1000290
527,980767
528,969786
529,966898
530,979643
531,961033
532,958212
533,951038
534,944572
535,932780
536,935606
537,959340
538,929342
539,931133
540,937769
541,932623
542,925713
543,922157
544,909272
545,902661
546,910757
547,905995
548,915961
549,891720
550,905140
551,889579
552,892701
553,886878
554,889026
555,882844
556,875392
557,877062
558,866089
559,899305
560,861959
561,867479
562,857935
563,858940
564,862157
565,855085
566,849892
567,845650
568,856658
569,844024
570,840781
571,842865
572,828842
573,828356
574,828174
575,825905
576,826078
577,821924
578,819922
579,810546
580,806787
581,817781
582,809293
583,815721
584,822593
585,789360
586,800336
587,794863
588,797949
589,789835
590,795608
591,804573
592,793612
593,781993
594,792074
595,782612
596,784573
597,765503
598,769895
599,768853
600,764489
601,758396
602,759844
603,761107
604,750820
605,748120
606,749277
607,751314
608,763568
609,748913
610,732842
611,744979
612,738409
613,736125
614,749035
615,743702
616,741887
617,792701
618,740908
619,728822
620,722843
621,726081
622,712714
623,720349
624,723311
625,715139
626,712913
627,732215
628,709005
629,706372
630,706165
631,701876
632,694855
633,692508
634,694910
635,690896
636,706826
637,689022
638,703266
639,689652
640,688167
641,682077
642,681011
643,688205
644,688701
645,674868
646,688642
647,679317
648,676733
649,674246
650,687376
651,671684
652,678625
653,666073
654,671254
655,666635
656,666134
657,657736
658,659064
659,682573
660,654380
661,675613
662,659733
663,650809
664,646666
665,646517
666,648204
667,649966
668,652444
669,668396
670,692999
671,709739
672,683261
673,649718
674,639166
675,646242
676,633211
677,630586
678,634420
679,628179
680,631108
681,624536
682,688085
683,631075
684,657328
685,628217
686,622937
687,631209
688,624345
689,619219
690,611844
691,626954
692,631923
693,638363
694,614451
695,676970
696,616785
697,612965
698,601058
699,619298
700,603753
701,599481
702,597636
703,648362
704,618411
705,596390
706,596112
707,596978
708,601450
709,598001
710,595508
711,591302
712,607999
713,604850
714,581983
715,588049
716,588206
717,575355
718,588571
719,580913
720,593564
721,571049
722,570870
723,576696
724,569387
725,565274
726,565155
727,563214
728,564629
729,557366
730,585257
731,563779
732,569658
733,557500
734,563098
735,563790
736,571343
737,557777
738,554572
739,546623
740,548560
741,546116
742,656915
743,542466
744,542530
745,542041
746,535005
747,529681
748,537989
749,533254
750,533196
751,531553
752,535085
753,535207
754,540710
755,529344
756,520307
757,524960
758,524132
759,525309
760,525690
761,523567
762,516161
763,525491
764,513064
765,510622
766,541252
767,512900
768,516242
769,515563
770,503728
771,523708
772,508253
773,507159
774,512889
775,504890
776,497404
777,512962
778,501713
779,499667
780,499591
781,498640
782,498282
783,495516
784,500695
785,499604
786,493003
787,529502
788,562901
789,495933
790,575668
791,518137
792,506565
793,496885
794,495054
795,507365
796,506469
797,491654
798,491584
799,496828
800,482147
801,484929
802,484996
803,489084
804,482864
805,487473
806,481044
807,487545
808,651249
809,480059
810,484609
811,489035
812,487363
813,505272
814,495750
815,500079
816,489784
817,665809
818,498403
819,488236
820,492412
821,496172
822,491918
823,491518
824,503143
825,490920
826,496180
827,488556
828,501232
829,550435
830,511681
831,502828
832,525452
833,493247
834,503946
835,515551
836,504502
837,502548
838,501775
839,510379
840,519437
841,511810
842,510471
843,515388
844,508275
845,510348
846,512025
847,511393
848,531193
849,526356
850,513720
851,522989
852,528525
853,552963
854,516395
855,519219
856,527163
857,520831
858,518692
859,525199
860,516375
861,516259
862,515497
863,524302
864,514008
865,510612
866,498797
867,513745
868,529349
869,497918
870,498939
871,499818
872,497881
873,505011
874,509635
875,493592
876,490711
877,491047
878,490288
879,485927
880,478844
881,480412
882,481681
883,467006
884,467051
885,469433
886,465906
887,467639
888,474686
889,471657
890,453683
891,481983
892,466208
893,459534
894,462915
895,460502
896,462391
897,474952
898,456110
899,461379
900,451988
901,459939
902,456438
903,455929
904,456376
905,448212
906,446002
907,454726
908,447342
909,449552
910,444830
911,447132
912,451374
913,467514
914,469344
915,452523
916,458696
917,476800
918,441701
919,449460
920,439953
921,441395
922,460472
923,468294
924,453590
925,456513
926,453727
927,451572
928,447058
929,447023
930,450305
931,450085
932,525226
933,455374
934,445663
935,464522
936,449426
937,450716
938,457689
939,451909
940,447925
941,457608
942,463419
943,460427
944,459760
945,471164
946,449707
947,457810
948,465765
949,456943
950,463964
951,477389
952,466998
953,467423
954,478895
955,603278
956,460305
957,471327
958,482729
959,477896
960,478414
961,481008
962,484537
963,515521
964,476431
965,481675
966,482892
967,482568
968,494758
969,505091
970,502424
971,496072
972,518901
973,500591
974,524614
975,518793
976,519042
977,517273
978,538884
979,536167
980,527839
981,519340
982,537402
983,539433
984,578938
985,545434
986,580379
987,572746
988,631960
989,567204
990,601191
991,569114
992,623032
993,579383
994,588592
995,588052
996,595425
997,597332
998,603500
999,609680
1000,627288
1001,628085
1002,639242
1003,635829
1004,655877
1005,671003
1006,671206
1007,683734
1008,698182
1009,724820
1010,726893
1011,698801
1012,813060
1013,736189
1014,764246
1015,770261
1016,789926
1017,805913
1018,847776
1019,847969
1020,907710
1021,933426
1022,999388
1023,1159652
1024,1682897
1025,435955
1026,439296
1027,437688
1028,441423
1029,434209
1030,427080
1031,438700
1032,420696
1033,440531
1034,441967
1035,443977
1036,434778
1037,435795
1038,424548
1039,425894
1040,452837
1041,429794
1042,435840
1043,417099
1044,425935
1045,403439
1046,423934
1047,413417
1048,413023
1049,391281
1050,405581
1051,394486
1052,395512
1053,400550
1054,405998
1055,404717
1056,381293
1057,383409
1058,381209
1059,380538
1060,392546
1061,388625
1062,374710
1063,376469
1064,376964
1065,364689
1066,374034
1067,357905
1068,366994
1069,374332
1070,334349
1071,357055
1072,336636
1073,333547
1074,327390
1075,310106
1076,313084
1077,294195
1078,299110
1079,297628
1080,301694
1081,298279
1082,284695
1083,289261
1084,282814
1085,272145
1086,268222
1087,265544
1088,257526
1089,261729
1090,256362
1091,252216
1092,246797
1093,245621
1094,240515
1095,249414
1096,246029
1097,239331
1098,245298
1099,227186
1100,236409
1101,232673
1102,233226
1103,259756
1104,223986
1105,220890
1106,215295
1107,218404
1108,214990
1109,215804
1110,210144
1111,212190
1112,211384
1113,208673
1114,204157
1115,206275
1116,199691
1117,197155
1118,203743
1119,201123
1120,203561
1121,194051
1122,190216
1123,186157
1124,182369
1125,191903
1126,179649
1127,177201
1128,184119
1129,173632
1130,174811
1131,192183
1132,168378
1133,168374
1134,172568
1135,163931
1136,165878
1137,167371
1138,179046
1139,164158
1140,172273
1141,164201
1142,160477
1143,156072
1144,157847
1145,150157
1146,154776
1147,153189
1148,153156
1149,149975
1150,152631
1151,152018
1152,155716
1153,153522
1154,153803
1155,155714
1156,151039
1157,146564
1158,145693
1159,147442
1160,145249
1161,142231
1162,145486
1163,142115
1164,143719
1165,148760
1166,140997
1167,143984
1168,138617
1169,142289
1170,140012
1171,138667
1172,136661
1173,137027
1174,135805
1175,133977
1176,141222
1177,132988
1178,134151
1179,135170
1180,136100
1181,130277
1182,131716
1183,133438
1184,133021
1185,130828
1186,130794
1187,132038
1188,127750
1189,133105
1190,126899
1191,128665
1192,131064
1193,129968
1194,127013
1195,128256
1196,126064
1197,126874
1198,127546
1199,125769
1200,127985
1201,124854
1202,123305
1203,122205
1204,123602
1205,122350
1206,123099
1207,126453
1208,121633
1209,122678
1210,120926
1211,123067
1212,124626
1213,118434
1214,121157
1215,118349
1216,118640
1217,120566
1218,118003
1219,116600
1220,115565
1221,118798
1222,119696
1223,117278
1224,120696
1225,118026
1226,114298
1227,116560
1228,115804
1229,115616
1230,117585
1231,113650
1232,113179
1233,112139
1234,114531
1235,114491
1236,116243
1237,122072
1238,120596
1239,121547
1240,119793
1241,118104
1242,114929
1243,115558
1244,124909
1245,112384
1246,109115
1247,109104
1248,108803
1249,109327
1250,110002
1251,107734
1252,108344
1253,106768
1254,110938
1255,109050
1256,106309
1257,104091
1258,107964
1259,107893
1260,104940
1261,106222
1262,107545
1263,104969
1264,105349
1265,108758
1266,104054
1267,106570
1268,104485
1269,103915
1270,105606
1271,106138
1272,106296
1273,104636
1274,104467
1275,111402
1276,103227
1277,104731
1278,103858
1279,104135
1280,100005
1281,107439
1282,104704
1283,101859
1284,104711
1285,107188
1286,102497
1287,107431
1288,100492
1289,99692
1290,106005
1291,102498
1292,99155
1293,102220
1294,97889
1295,98707
1296,97721
1297,97432
1298,102597
1299,98384
1300,99322
1301,96552
1302,103550
1303,96246
1304,98954
1305,102713
1306,100775
1307,101178
1308,96022
1309,96797
1310,118316
1311,97001
1312,98172
1313,97193
1314,94655
1315,96025
1316,97234
1317,94802
1318,97400
1319,95465
1320,94403
1321,93843
1322,93436
1323,93027
1324,94924
1325,93935
1326,93778
1327,92156
1328,94843
1329,92535
1330,95645
1331,96148
1332,94308
1333,91703
1334,93706
1335,93320
1336,99943
1337,97275
1338,94440
1339,97114
1340,92701
1341,95531
1342,89811
1343,91230
1344,96591
1345,92652
1346,90405
1347,90453
1348,90428
1349,93599
1350,89979
1351,95350
1352,88919
1353,90512
1354,89630
1355,90817
1356,94361
1357,91888
1358,92841
1359,92165
1360,88222
1361,88151
1362,89310
1363,87710
1364,96114
1365,86208
1366,97661
1367,87944
1368,89709
1369,86034
1370,86454
1371,87094
1372,87449
1373,87057
1374,91194
1375,86717
1376,88203
1377,89201
1378,93836
1379,87243
1380,89699
1381,86932
1382,89279
1383,86070
1384,86582
1385,92416
1386,88473
1387,90396
1388,89952
1389,94514
1390,94837
1391,85597
1392,85840
1393,87843
1394,87769
1395,88416
1396,88116
1397,85036
1398,83974
1399,86998
1400,85440
1401,85779
1402,83399
1403,85459
1404,87333
1405,89610
1406,86369
1407,83765
1408,83750
1409,83394
1410,80487
1411,83897
1412,82642
1413,83855
1414,82929
1415,81526
1416,82238
1417,81336
1418,81226
1419,79393
1420,84019
1421,80540
1422,84230
1423,80235
1424,80216
1425,78825
1426,83102
1427,80843
1428,78340
1429,83865
1430,79903
1431,81995
1432,77601
1433,79393
1434,82285
1435,81921
1436,78116
1437,83620
1438,78957
1439,79870
1440,79710
1441,76977
1442,83297
1443,76829
1444,78231
1445,76480
1446,76890
1447,77152
1448,78290
1449,77590
1450,77925
1451,77284
1452,79096
1453,78611
1454,77642
1455,76247
1456,80088
1457,76367
1458,77176
1459,75618
1460,77875
1461,79520
1462,75275
1463,74732
1464,74311
1465,73010
1466,74116
1467,77601
1468,73777
1469,74199
1470,73674
1471,75927
1472,73644
1473,72073
1474,72016
1475,77178
1476,73413
1477,72546
1478,75274
1479,73499
1480,73762
1481,74556
1482,73992
1483,77679
1484,73916
1485,76049
1486,73677
1487,72397
1488,71909
1489,70879
1490,72555
1491,71457
1492,72180
1493,71401
1494,75708
1495,70932
1496,70479
1497,72749
1498,71745
1499,74429
1500,71828
1501,72002
1502,72459
1503,71726
1504,70686
1505,71865
1506,69448
1507,68784
1508,70771
1509,71696
1510,72230
1511,68614
1512,68937
1513,78435
1514,69727
1515,72332
1516,80516
1517,68162
1518,69182
1519,68031
1520,68670
1521,68377
1522,71891
1523,71018
1524,69078
1525,67055
1526,67824
1527,68918
1528,69185
1529,79926
1530,70563
1531,70584
1532,73494
1533,76610
1534,68111
1535,66277
1536,69810
1537,67846
1538,65733
1539,67537
1540,69005
1541,69729
1542,67671
1543,70625
1544,65898
1545,66511
1546,68663
1547,66927
1548,79258
1549,66229
1550,67274
1551,65098
1552,67265
1553,68369
1554,65242
1555,66097
1556,65517
1557,67515
1558,76641
1559,67054
1560,64929
1561,68957
1562,66263
1563,66450
1564,64388
1565,65864
1566,65217
1567,63577
1568,63401
1569,66391
1570,144019
1571,63064
1572,113719
1573,66682
1574,62608
1575,65798
1576,64206
1577,66492
1578,64366
1579,70638
1580,65205
1581,66417
1582,66761
1583,63657
1584,64848
1585,63648
1586,63070
1587,63737
1588,65694
1589,63537
1590,65822
1591,64199
1592,63343
1593,63109
1594,63046
1595,62280
1596,94117
1597,64780
1598,64205
1599,75315
1600,169521
1601,64016
1602,64279
1603,64561
1604,62846
1605,63114
1606,71140
1607,62064
1608,63371
1609,65205
1610,144359
1611,63129
1612,79670
1613,61396
1614,61341
1615,62592
1616,59773
1617,63022
1618,60813
1619,59554
1620,61929
1621,62962
1622,61424
1623,61132
1624,59185
1625,61701
1626,59531
1627,58904
1628,58359
1629,59222
1630,65315
1631,58975
1632,60910
1633,60974
1634,59160
1635,58155
1636,60895
1637,60885
1638,57806
1639,61385
1640,58224
1641,58213
1642,58157
1643,57743
1644,67289
1645,56518
1646,58631
1647,58749
1648,57062
1649,62108
1650,56442
1651,57079
1652,59545
1653,56830
1654,56013
1655,56085
1656,58929
1657,56751
1658,57197
1659,57595
1660,61723
1661,58278
1662,56272
1663,57235
1664,56332
1665,58633
1666,58773
1667,55645
1668,58187
1669,55817
1670,54862
1671,59005
1672,55065
1673,55311
1674,66601
1675,55191
1676,54683
1677,57189
1678,54833
1679,55532
1680,54458
1681,55127
1682,54567
1683,56658
1684,54825
1685,55076
1686,55270
1687,55243
1688,56574
1689,56146
1690,54259
1691,55391
1692,57300
1693,53960
1694,55699
1695,54447
1696,53052
1697,54733
1698,59007
1699,57741
1700,53234
1701,94303
1702,54619
1703,53115
1704,53310
1705,52315
1706,52973
1707,54010
1708,53666
1709,56967
1710,52437
1711,53526
1712,52148
1713,52879
1714,54156
1715,53010
1716,53825
1717,51834
1718,53015
1719,52007
1720,54813
1721,52834
1722,55433
1723,52955
1724,54327
1725,53135
1726,51959
1727,51189
1728,51397
1729,60404
1730,50229
1731,55845
1732,52963
1733,57906
1734,51479
1735,51267
1736,52772
1737,51361
1738,52423
1739,52136
1740,50579
1741,51323
1742,50369
1743,52991
1744,50177
1745,52108
1746,53502
1747,54897
1748,55601
1749,51557
1750,49534
1751,49931
1752,50700
1753,51461
1754,52415
1755,49995
1756,51637
1757,50872
1758,49683
1759,48505
1760,53418
1761,49323
1762,50211
1763,49277
1764,49522
1765,49174
1766,48292
1767,48972
1768,47841
1769,48788
1770,49451
1771,49260
1772,54686
1773,48970
1774,50076
1775,49130
1776,48097
1777,49383
1778,49786
1779,79882
1780,47607
1781,48919
1782,47935
1783,49178
1784,49206
1785,46706
1786,46749
1787,50079
1788,46699
1789,48114
1790,47987
1791,49361
1792,48418
1793,46761
1794,47623
1795,53256
1796,56118
1797,47218
1798,49458
1799,47440
1800,47591
1801,50610
1802,47976
1803,46413
1804,48655
1805,47953
1806,46423
1807,47256
1808,50662
1809,46494
1810,46066
1811,47421
1812,45982
1813,45683
1814,47184
1815,47027
1816,45666
1817,48322
1818,45741
1819,46233
1820,46289
1821,46423
1822,44712
1823,49425
1824,46366
1825,45523
1826,52315
1827,45543
1828,46087
1829,45855
1830,47288
1831,47205
1832,45837
1833,50184
1834,46499
1835,46984
1836,45664
1837,50973
1838,45150
1839,46937
1840,46454
1841,46094
1842,46302
1843,46390
1844,44680
1845,45388
1846,46479
1847,46151
1848,47317
1849,49310
1850,43407
1851,45319
1852,44548
1853,64898
1854,44108
1855,44315
1856,46532
1857,43015
1858,44960
1859,44112
1860,44085
1861,45976
1862,43471
1863,43648
1864,43726
1865,50190
1866,46402
1867,44993
1868,44188
1869,44455
1870,44267
1871,42473
1872,44612
1873,44487
1874,44573
1875,45978
1876,44060
1877,43782
1878,43737
1879,43061
1880,43550
1881,44058
1882,42348
1883,46283
1884,42632
1885,42906
1886,46449
1887,42310
1888,42183
1889,45499
1890,45453
1891,52353
1892,42299
1893,42401
1894,41323
1895,44218
1896,42054
1897,45247
1898,43285
1899,45610
1900,44593
1901,44465
1902,45591
1903,43083
1904,49727
1905,41109
1906,41957
1907,50155
1908,70470
1909,42590
1910,42639
1911,41285
1912,41647
1913,43635
1914,42129
1915,41179
1916,42955
1917,53258
1918,42138
1919,40229
1920,42300
1921,40773
1922,44724
1923,41726
1924,40610
1925,43831
1926,41125
1927,42507
1928,42373
1929,41785
1930,40967
1931,40975
1932,43419
1933,41303
1934,41591
1935,41459
1936,50055
1937,41253
1938,41377
1939,42350
1940,40615
1941,40494
1942,41079
1943,40872
1944,40737
1945,39650
1946,40930
1947,43795
1948,42788
1949,42153
1950,41003
1951,40484
1952,41020
1953,40182
1954,40087
1955,43340
1956,41111
1957,39445
1958,40162
1959,43445
1960,43309
1961,43865
1962,42351
1963,42247
1964,42992
1965,42026
1966,41362
1967,40983
1968,40612
1969,40459
1970,40181
1971,46599
1972,40584
1973,40288
1974,40046
1975,43037
1976,42601
1977,39387
1978,40274
1979,39855
1980,41303
1981,40274
1982,39595
1983,40726
1984,39305
1985,40452
1986,41443
1987,43200
1988,41448
1989,40099
1990,42966
1991,42297
1992,88291
1993,39679
1994,41502
1995,38543
1996,43042
1997,47390
1998,39743
1999,42696
2000,40722
2001,40841
2002,40383
2003,40540
2004,39516
2005,41032
2006,39487
2007,43372
2008,41082
2009,39077
2010,39886
2011,41737
2012,42144
2013,41651
2014,44044
2015,42603
2016,44393
2017,41780
2018,40382
2019,41679
2020,41067
2021,42389
2022,39776
2023,40417
2024,39572
2025,40621
2026,42918
2027,41654
2028,41629
2029,41358
2030,42964
2031,43980
2032,43037
2033,41270
2034,45852
2035,44399
2036,41909
2037,43184
2038,42814
2039,44719
2040,44706
2041,45773
2042,49012
2043,47390
2044,47017
2045,47909
2046,49001
2047,51895
2048,56632
2049,34038
2050,34379
2051,37049
2052,33941
2053,34499
2054,36746
2055,36142
2056,34393
2057,35876
2058,35404
2059,33185
2060,32420
2061,32497
2062,33248
2063,32290
2064,33385
2065,35693
2066,32876
2067,36144
2068,33499
2069,35566
2070,32894
2071,33440
2072,33190
2073,32740
2074,32675
2075,32191
2076,37790
2077,31461
2078,33980
2079,33371
2080,36280
2081,40757
2082,34244
2083,32891
2084,33403
2085,34335
2086,32900
2087,34385
2088,36692
2089,34271
2090,31886
2091,35953
2092,35208
2093,33193
2094,34130
2095,32095
2096,35858
2097,31066
2098,32158
2099,35360
2100,34971
2101,32584
2102,32141
2103,35729
2104,34487
2105,32914
2106,37407
2107,48467
2108,39917
2109,32219
2110,34051
2111,35547
2112,32255
2113,33792
2114,41577
2115,38026
2116,45347
2117,31030
2118,32178
2119,32429
2120,31282
2121,31000
2122,30672
2123,31534
2124,30638
2125,30548
2126,33964
2127,31647
2128,33142
2129,33456
2130,32010
2131,35411
2132,31127
2133,49368
2134,50746
2135,31251
2136,37176
2137,44470
2138,36082
2139,31174
2140,31729
2141,32173
2142,31537
2143,35467
2144,31276
2145,31213
2146,35027
2147,31529
2148,32529
2149,32025
2150,31542
2151,32083
2152,30655
2153,33050
2154,30589
2155,30786
2156,30256
2157,32542
2158,32776
2159,30432
2160,29474
2161,33679
2162,33450
2163,32034
2164,30279
2165,30535
2166,32464
2167,31217
2168,28845
2169,31120
2170,32665
2171,34715
2172,30338
2173,30199
2174,31913
2175,37252
2176,30732
2177,30237
2178,29534
2179,32757
2180,29912
2181,34133
2182,30150
2183,30131
2184,29486
2185,34654
2186,31165
2187,30196
2188,31585
2189,30031
2190,29762
2191,34170
2192,30238
2193,32309
2194,34321
2195,36734
2196,33030
2197,31606
2198,31555
2199,37060
2200,31174
2201,30304
2202,28701
2203,30096
2204,29677
2205,29894
2206,29983
2207,37637
2208,32766
2209,31007
2210,28878
2211,28104
2212,31780
2213,28441
2214,27915
2215,29063
2216,33136
2217,31959
2218,29466
2219,32375
2220,28096
2221,28881
2222,28302
2223,28392
2224,29884
2225,28411
2226,29843
2227,28142
2228,27423
2229,30786
2230,31855
2231,31708
2232,27564
2233,28638
2234,27531
2235,30437
2236,28047
2237,28475
2238,30942
2239,29538
2240,30936
2241,39204
2242,29939
2243,31276
2244,31219
2245,28681
2246,30678
2247,28291
2248,30740
2249,27844
2250,81066
2251,32161
2252,26763
2253,31168
2254,26287
2255,27398
2256,26777
2257,31384
2258,29768
2259,28503
2260,27507
2261,28190
2262,27827
2263,32644
2264,29748
2265,29763
2266,29290
2267,29598
2268,27010
2269,27089
2270,32461
2271,27758
2272,26079
2273,27960
2274,26353
2275,28001
2276,27296
2277,28299
2278,28992
2279,26302
2280,27323
2281,27791
2282,26098
2283,27077
2284,26422
2285,29879
2286,28125
2287,26266
2288,28826
2289,27283
2290,27305
2291,29450
2292,28673
2293,26910
2294,25464
2295,27671
2296,26756
2297,25532
2298,25648
2299,25596
2300,26259
2301,25711
2302,31988
2303,31439
2304,26411
2305,25226
2306,25664
2307,25336
2308,25650
2309,24792
2310,29824
2311,27786
2312,29710
2313,25559
2314,26580
2315,27512
2316,25335
2317,28104
2318,26265
2319,25990
2320,30058
2321,28912
2322,25308
2323,27292
2324,25652
2325,24678
2326,24879
2327,24584
2328,26269
2329,22973
2330,28365
2331,25038
2332,23604
2333,24437
2334,27098
2335,25239
2336,27116
2337,24858
2338,23762
2339,24450
2340,24038
2341,24690
2342,25617
2343,25602
2344,24684
2345,27428
2346,73293
2347,25821
2348,25282
2349,27375
2350,31354
2351,24580
2352,23751
2353,26096
2354,26644
2355,25420
2356,25778
2357,26995
2358,25181
2359,23690
2360,28642
2361,25223
2362,29652
2363,23056
2364,25985
2365,23690
2366,28030
2367,24155
2368,28872
2369,23679
2370,24480
2371,23281
2372,23826
2373,22619
2374,27009
2375,26746
2376,23172
2377,23321
2378,27496
2379,23455
2380,26565
2381,23902
2382,25421
2383,25027
2384,22930
2385,26124
2386,25454
2387,24584
2388,23682
2389,26313
2390,25803
2391,26438
2392,23385
2393,23554
2394,23886
2395,23054
2396,22618
2397,24904
2398,25205
2399,29570
2400,32973
2401,25106
2402,24995
2403,23078
2404,27788
2405,21837
2406,22377
2407,23385
2408,24348
2409,23049
2410,22802
2411,25346
2412,25307
2413,23743
2414,24266
2415,21712
2416,29139
2417,21940
2418,21448
2419,23547
2420,24549
2421,22897
2422,21403
2423,24070
2424,22298
2425,23952
2426,24036
2427,24806
2428,24806
2429,22891
2430,27560
2431,21387
2432,25550
2433,26197
2434,24906
2435,22760
2436,23045
2437,22258
2438,21625
2439,24924
2440,24899
2441,23530
2442,25802
2443,21646
2444,22267
2445,25500
2446,23838
2447,23387
2448,22663
2449,24497
2450,24933
2451,23365
2452,20729
2453,21355
2454,22964
2455,24840
2456,22246
2457,23647
2458,22180
2459,20709
2460,21327
2461,25148
2462,22057
2463,23717
2464,22760
2465,27154
2466,21871
2467,21114
2468,21168
2469,22460
2470,24254
2471,21476
2472,20262
2473,21322
2474,23132
2475,21673
2476,27966
2477,22013
2478,27238
2479,22501
2480,20546
2481,22723
2482,22441
2483,25599
2484,25401
2485,24643
2486,19974
2487,21978
2488,23735
2489,24957
2490,21579
2491,20692
2492,22658
2493,22437
2494,22870
2495,23660
2496,20140
2497,21415
2498,21698
2499,23670
2500,22844
2501,28005
2502,27428
2503,24337
2504,23884
2505,25940
2506,22485
2507,21519
2508,23141
2509,20117
2510,27353
2511,20591
2512,20970
2513,20201
2514,20377
2515,19331
2516,20415
2517,19980
2518,19901
2519,20447
2520,25355
2521,20846
2522,20047
2523,22713
2524,19831
2525,24609
2526,21720
2527,22998
2528,19717
2529,23011
2530,22418
2531,25088
2532,22198
2533,25607
2534,22674
2535,22357
2536,22746
2537,20598
2538,21414
2539,21966
2540,28399
2541,20349
2542,20621
2543,20856
2544,22504
2545,19640
2546,19376
2547,20406
2548,25201
2549,19244
2550,18761
2551,25261
2552,20350
2553,25364
2554,18755
2555,18425
2556,19774
2557,19285
2558,19443
2559,21066
2560,18736
2561,21783
2562,24670
2563,22333
2564,23222
2565,21205
2566,19960
2567,22665
2568,18383
2569,21713
2570,19756
2571,26814
2572,19154
2573,19484
2574,21942
2575,20390
2576,21043
2577,19990
2578,20008
2579,26195
2580,24739
2581,19259
2582,23339
2583,19428
2584,20452
2585,21651
2586,18650
2587,22640
2588,21408
2589,23156
2590,19173
2591,20435
2592,19373
2593,19318
2594,20836
2595,18896
2596,19059
2597,18536
2598,17932
2599,21554
2600,21141
2601,25757
2602,20055
2603,18413
2604,20054
2605,19753
2606,20406
2607,19143
2608,18365
2609,28149
2610,22419
2611,19198
2612,19318
2613,17673
2614,19831
2615,21766
2616,20389
2617,24445
2618,18433
2619,21376
2620,19698
2621,21594
2622,17749
2623,22187
2624,19711
2625,19564
2626,20043
2627,17666
2628,18134
2629,17794
2630,19212
2631,17270
2632,17755
2633,20458
2634,20235
2635,18764
2636,21272
2637,19569
2638,20107
2639,18021
2640,18195
2641,20778
2642,18721
2643,17700
2644,17993
2645,17672
2646,19872
2647,17540
2648,20736
2649,32319
2650,17198
2651,19685
2652,21002
2653,19098
2654,22144
2655,19229
2656,19340
2657,18339
2658,20331
2659,18128
2660,18312
2661,19705
2662,17533
2663,21437
2664,21495
2665,20048
2666,18330
2667,19070
2668,20978
2669,17488
2670,17359
2671,22488
2672,18030
2673,21171
2674,19938
2675,19987
2676,19791
2677,17344
2678,18893
2679,17364
2680,18723
2681,16740
2682,18964
2683,17092
2684,20648
2685,17800
2686,17382
2687,17064
2688,17750
2689,20067
2690,19515
2691,17696
2692,16997
2693,17277
2694,17166
2695,22960
2696,20990
2697,21484
2698,21089
2699,17915
2700,20055
2701,19903
2702,19740
2703,17289
2704,19836
2705,17185
2706,19803
2707,17395
2708,18696
2709,16418
2710,16706
2711,16704
2712,18858
2713,17693
2714,16782
2715,17029
2716,17570
2717,18424
2718,17992
2719,17880
2720,19834
2721,16056
2722,16545
2723,17553
2724,18391
2725,16541
2726,16558
2727,20599
2728,18255
2729,20974
2730,28404
2731,19331
2732,22062
2733,17697
2734,18442
2735,16531
2736,17129
2737,17103
2738,21604
2739,18119
2740,19582
2741,19491
2742,16506
2743,16155
2744,19709
2745,16747
2746,16475
2747,17720
2748,20112
2749,16470
2750,16111
2751,15690
2752,17025
2753,19403
2754,17629
2755,19261
2756,17285
2757,15789
2758,16080
2759,15166
2760,21478
2761,26951
2762,16403
2763,19893
2764,16139
2765,17829
2766,18905
2767,27565
2768,25258
2769,16423
2770,15304
2771,17146
2772,18198
2773,35930
2774,18215
2775,20160
2776,15198
2777,15556
2778,16043
2779,16851
2780,15894
2781,15733
2782,14883
2783,15234
2784,18422
2785,15073
2786,16223
2787,31652
2788,15381
2789,18255
2790,15974
2791,21893
2792,30192
2793,22212
2794,18112
2795,20139
2796,15533
2797,16400
2798,19043
2799,19648
2800,15596
2801,15587
2802,15677
2803,18738
2804,17001
2805,15767
2806,15800
2807,15634
2808,15522
2809,15004
2810,15188
2811,15513
2812,14807
2813,15737
2814,15046
2815,16347
2816,17253
2817,15790
2818,33324
2819,15692
2820,14495
2821,16907
2822,15537
2823,14758
2824,14337
2825,19246
2826,21331
2827,17715
2828,17508
2829,16428
2830,17000
2831,17014
2832,17047
2833,14769
2834,18214
2835,20415
2836,18658
2837,20003
2838,15665
2839,15512
2840,14600
2841,15693
2842,15916
2843,14589
2844,17195
2845,17338
2846,17231
2847,19520
2848,15970
2849,17236
2850,14812
2851,21275
2852,15215
2853,15716
2854,18220
2855,14425
2856,15989
2857,15291
2858,24079
2859,19471
2860,15607
2861,14985
2862,15634
2863,17735
2864,16964
2865,15459
2866,15127
2867,17928
2868,19748
2869,15468
2870,14833
2871,17846
2872,17394
2873,16041
2874,17326
2875,15753
2876,20234
2877,15371
2878,15739
2879,15074
2880,17607
2881,14735
2882,15178
2883,14723
2884,15114
2885,17491
2886,16306
2887,16175
2888,17655
2889,19015
2890,14281
2891,14547
2892,15217
2893,14686
2894,14527
2895,17450
2896,13682
2897,14615
2898,15235
2899,17644
2900,14833
2901,14035
2902,19516
2903,13885
2904,16050
2905,13609
2906,14160
2907,14921
2908,14486
2909,16090
2910,14104
2911,13885
2912,14709
2913,21194
2914,15419
2915,18645
2916,13852
2917,13909
2918,13308
2919,13655
2920,15969
2921,13393
2922,13466
2923,13985
2924,18286
2925,15454
2926,16815
2927,13323
2928,22141
2929,15802
2930,22805
2931,22940
2932,15538
2933,17014
2934,14505
2935,17785
2936,14687
2937,16814
2938,13257
2939,16481
2940,13923
2941,13496
2942,15909
2943,19062
2944,13736
2945,15083
2946,17517
2947,13713
2948,15884
2949,13318
2950,13839
2951,14592
2952,13162
2953,14608
2954,14056
2955,14851
2956,14062
2957,15336
2958,15584
2959,16044
2960,15673
2961,13404
2962,12750
2963,13614
2964,16083
2965,13241
2966,13991
2967,13319
2968,15667
2969,14605
2970,13328
2971,14579
2972,15947
2973,13631
2974,14235
2975,13819
2976,12961
2977,13832
2978,14135
2979,14118
2980,18764
2981,16692
2982,13754
2983,13616
2984,13375
2985,13452
2986,17073
2987,14251
2988,14619
2989,14655
2990,13442
2991,13862
2992,20353
2993,42391
2994,13544
2995,15553
2996,14792
2997,12952
2998,13756
2999,22178
3000,41295
3001,13614
3002,14801
3003,13733
3004,13241
3005,13190
3006,12635
3007,12531
3008,13560
3009,15571
3010,13162
3011,14586
3012,18350
3013,16717
3014,13166
3015,13340
3016,13873
3017,14001
3018,14324
3019,14352
3020,15422
3021,12733
3022,12595
3023,12505
3024,13329
3025,12779
3026,13102
3027,15766
3028,14401
3029,13353
3030,12967
3031,12610
3032,13971
3033,12890
3034,12924
3035,13032
3036,13110
3037,14829
3038,12399
3039,14669
3040,13354
3041,13888
3042,13169
3043,14664
3044,12939
3045,12729
3046,12914
3047,12861
3048,13908
3049,14069
3050,14824
3051,13778
3052,12490
3053,17405
3054,14215
3055,13046
3056,12467
3057,16647
3058,13075
3059,14744
3060,12879
3061,13764
3062,12869
3063,14192
3064,13463
3065,18170
3066,12764
3067,13903
3068,13929
3069,13856
3070,26909
3071,19158
3072,12910
3073,13607
3074,12747
3075,12530
3076,13289
3077,16038
3078,13122
3079,12793
3080,12936
3081,18549
3082,13237
3083,14583
3084,13230
3085,13107
3086,17390
3087,13492
3088,14856
3089,16118
3090,12454
3091,14550
3092,12230
3093,13129
3094,13037
3095,13661
3096,15732
3097,17851
3098,14438
3099,15543
3100,12830
3101,12859
3102,16041
3103,12886
3104,12676
3105,12013
3106,13471
3107,12083
3108,14256
3109,13023
3110,11876
3111,12431
3112,11884
3113,12618
3114,11853
3115,11731
3116,12153
3117,11612
3118,15493
3119,13898
3120,11892
3121,12346
3122,13644
3123,14483
3124,13231
3125,14477
3126,12293
3127,12880
3128,11578
3129,12750
3130,12918
3131,13535
3132,12877
3133,11844
3134,12527
3135,11745
3136,11691
3137,17512
3138,14636
3139,15658
3140,35336
3141,11517
3142,14690
3143,11503
3144,12775
3145,11991
3146,13181
3147,15236
3148,13022
3149,12430
3150,11597
3151,16096
3152,12071
3153,12662
3154,12098
3155,16534
3156,15016
3157,11450
3158,12081
3159,15341
3160,12992
3161,11896
3162,11308
3163,11430
3164,11615
3165,12410
3166,16953
3167,11662
3168,15824
3169,13468
3170,13827
3171,11632
3172,11402
3173,11171
3174,11563
3175,12111
3176,11750
3177,10765
3178,13190
3179,11511
3180,11688
3181,13359
3182,11320
3183,13731
3184,15279
3185,14067
3186,14194
3187,14548
3188,11260
3189,12376
3190,11203
3191,11288
3192,12189
3193,10964
3194,13118
3195,11278
3196,11652
3197,10833
3198,11429
3199,11220
3200,13832
3201,12854
3202,13831
3203,11781
3204,11111
3205,13305
3206,10943
3207,11316
3208,11383
3209,12044
3210,11371
3211,13277
3212,10948
3213,11193
3214,13729
3215,11489
3216,10501
3217,11204
3218,14365
3219,11516
3220,10863
3221,11193
3222,11683
3223,13410
3224,11509
3225,12442
3226,10976
3227,11247
3228,11202
3229,11295
3230,10661
3231,10762
3232,10361
3233,11107
3234,11428
3235,10454
3236,11843
3237,14705
3238,11418
3239,11810
3240,10760
3241,13378
3242,10504
3243,11299
3244,11189
3245,10630
3246,11194
3247,11271
3248,11641
3249,10344
3250,11958
3251,10365
3252,12568
3253,11861
3254,10579
3255,13049
3256,12012
3257,12619
3258,10653
3259,10496
3260,15600
3261,10904
3262,11508
3263,12155
3264,10690
3265,10883
3266,20193
3267,10989
3268,11486
3269,15252
3270,12519
3271,11564
3272,11290
3273,10494
3274,11501
3275,11299
3276,10630
3277,11593
3278,11055
3279,10301
3280,11382
3281,10589
3282,10143
3283,11026
3284,11758
3285,14320
3286,10700
3287,11201
3288,18523
3289,10635
3290,10988
3291,10934
3292,11371
3293,10782
3294,11885
3295,12675
3296,11051
3297,10801
3298,14282
3299,11156
3300,14144
3301,11548
3302,10600
3303,11577
3304,11975
3305,10973
3306,10520
3307,12014
3308,10353
3309,10676
3310,10607
3311,14192
3312,15167
3313,12342
3314,13664
3315,15780
3316,11595
3317,10391
3318,10183
3319,11554
3320,11467
3321,12168
3322,11931
3323,12910
3324,10477
3325,11054
3326,11662
3327,11382
3328,13326
3329,10992
3330,11495
3331,11199
3332,10645
3333,10178
3334,12263
3335,10590
3336,12043
3337,12953
3338,14112
3339,11426
3340,10185
3341,10716
3342,12843
3343,10934
3344,10721
3345,10165
3346,10616
3347,12749
3348,10521
3349,10835
3350,10687
3351,13098
3352,10030
3353,9991
3354,10335
3355,9996
3356,17740
3357,11962
3358,10490
3359,11253
3360,12035
3361,10812
3362,10569
3363,11001
3364,10890
3365,9910
3366,11091
3367,9749
3368,11902
3369,10928
3370,13514
3371,10871
3372,13228
3373,10948
3374,11598
3375,12024
3376,11504
3377,10119
3378,11002
3379,10956
3380,10168
3381,14215
3382,11892
3383,10253
3384,9984
3385,9450
3386,9910
3387,10578
3388,11249
3389,10246
3390,10575
3391,10849
3392,11821
3393,12445
3394,10082
3395,12280
3396,10468
3397,13384
3398,9947
3399,11074
3400,10388
3401,10447
3402,10020
3403,9572
3404,11686
3405,10850
3406,10190
3407,10830
3408,10532
3409,10214
3410,10775
3411,10045
3412,9948
3413,10415
3414,10742
3415,9781
3416,9661
3417,10402
3418,10370
3419,11586
3420,11847
3421,10026
3422,10359
3423,10270
3424,10877
3425,10728
3426,10526
3427,9684
3428,10773
3429,11034
3430,10595
3431,10319
3432,10278
3433,10691
3434,9923
3435,9821
3436,10252
3437,9651
3438,11950
3439,12122
3440,10641
3441,12868
3442,10020
3443,12130
3444,10133
3445,12290
3446,10055
3447,13517
3448,9771
3449,9487
3450,10107
3451,11374
3452,13632
3453,17421
3454,11022
3455,9955
3456,13667
3457,10391
3458,10336
3459,9476
3460,12796
3461,9946
3462,13179
3463,9799
3464,9763
3465,15842
3466,13460
3467,12348
3468,10846
3469,10397
3470,16379
3471,9497
3472,10199
3473,9690
3474,10789
3475,11744
3476,9820
3477,10677
3478,11226
3479,13404
3480,9850
3481,12669
3482,9896
3483,10278
3484,10289
3485,10126
3486,9437
3487,11096
3488,10237
3489,11703
3490,10239
3491,12216
3492,10482
3493,15335
3494,10737
3495,11066
3496,9599
3497,11152
3498,10002
3499,11742
3500,15266
3501,9252
3502,16973
3503,10733
3504,9854
3505,10435
3506,12247
3507,11707
3508,9335
3509,15423
3510,10566
3511,11169
3512,9235
3513,11621
3514,11831
3515,9923
3516,9984
3517,10860
3518,13152
3519,12267
3520,11606
3521,11991
3522,10232
3523,11072
3524,10112
3525,10979
3526,12569
3527,10034
3528,11115
3529,10532
3530,9835
3531,10371
3532,10848
3533,12468
3534,9453
3535,9167
3536,10396
3537,10086
3538,9686
3539,11970
3540,9951
3541,9704
3542,10194
3543,9460
3544,10191
3545,10608
3546,9029
3547,10270
3548,9383
3549,9695
3550,10339
3551,11667
3552,10901
3553,10351
3554,10755
3555,14226
3556,10071
3557,10427
3558,9570
3559,9947
3560,9782
3561,9675
3562,10190
3563,11485
3564,10480
3565,9085
3566,9142
3567,9395
3568,10109
3569,10329
3570,13400
3571,11376
3572,12116
3573,9598
3574,9811
3575,11925
3576,9158
3577,10328
3578,9575
3579,9581
3580,14022
3581,9417
3582,9533
3583,9318
3584,9097
3585,9218
3586,10413
3587,9288
3588,9527
3589,9167
3590,10090
3591,10502
3592,11955
3593,10191
3594,10325
3595,9488
3596,12704
3597,9482
3598,9060
3599,9986
3600,10001
3601,9565
3602,14376
3603,9514
3604,9955
3605,9398
3606,9288
3607,9872
3608,10336
3609,13311
3610,9557
3611,10733
3612,9796
3613,9533
3614,9369
3615,9939
3616,13281
3617,10438
3618,11510
3619,9478
3620,9360
3621,10022
3622,9214
3623,9672
3624,10109
3625,9203
3626,10054
3627,9340
3628,11675
3629,9823
3630,9412
3631,9737
3632,11210
3633,10435
3634,9861
3635,9968
3636,10167
3637,10362
3638,14193
3639,11040
3640,9554
3641,9635
3642,9229
3643,9352
3644,10220
3645,10100
3646,9203
3647,9637
3648,10252
3649,10223
3650,9290
3651,13228
3652,12328
3653,10257
3654,9580
3655,12025
3656,9482
3657,10260
3658,10786
3659,10426
3660,10634
3661,10019
3662,13427
3663,9414
3664,9574
3665,9506
3666,11861
3667,9842
3668,11708
3669,10130
3670,9710
3671,10108
3672,9517
3673,9614
3674,10990
3675,11769
3676,9660
3677,11989
3678,9723
3679,9449
3680,10524
3681,10109
3682,9726
3683,10414
3684,11719
3685,11190
3686,11183
3687,9781
3688,10137
3689,9608
3690,11988
3691,10152
3692,10146
3693,9526
3694,9921
3695,11152
3696,11153
3697,9642
3698,10126
3699,9947
3700,9944
3701,10816
3702,13479
3703,10835
3704,9581
3705,10476
3706,10135
3707,10787
3708,10029
3709,9946
3710,9727
3711,17886
3712,9788
3713,12414
3714,10448
3715,10343
3716,14922
3717,11098
3718,10524
3719,9823
3720,10798
3721,10238
3722,12516
3723,10507
3724,11841
3725,10142
3726,10005
3727,10789
3728,9940
3729,9678
3730,11553
3731,10270
3732,10771
3733,10108
3734,9804
3735,10329
3736,13066
3737,10480
3738,10402
3739,10333
3740,10908
3741,10124
3742,10082
3743,10812
3744,11965
3745,11047
3746,10995
3747,10077
3748,10203
3749,10380
3750,11567
3751,10384
3752,11220
3753,11301
3754,11116
3755,11720
3756,15515
3757,13220
3758,11163
3759,11793
3760,11444
3761,10872
3762,10669
3763,13497
3764,12982
3765,10595
3766,15954
3767,12271
3768,10625
3769,13505
3770,11358
3771,11002
3772,10413
3773,11182
3774,14874
3775,10991
3776,11199
3777,11323
3778,11322
3779,12145
3780,13154
3781,11018
3782,11810
3783,11120
3784,11531
3785,11360
3786,11763
3787,18520
3788,11215
3789,12872
3790,12369
3791,14441
3792,12057
3793,12151
3794,12369
3795,17816
3796,16732
3797,16426
3798,16878
3799,17548
3800,17979
3801,16630
3802,16996
3803,16116
3804,16306
3805,16030
3806,16566
3807,16869
3808,16107
3809,18166
3810,17301
3811,17967
3812,15809
3813,16260
3814,15995
3815,16560
3816,17544
3817,15649
3818,16430
3819,16804
3820,16435
3821,16159
3822,16418
3823,16578
3824,15737
3825,18939
3826,15885
3827,15963
3828,16013
3829,16126
3830,17964
3831,16350
3832,16911
3833,15351
3834,16898
3835,16446
3836,16622
3837,16920
3838,17539
3839,17969
3840,15556
3841,18738
3842,18520
3843,17793
3844,15836
3845,16375
3846,15263
3847,16194
3848,17676
3849,17148
3850,70358
3851,21586
3852,16584
3853,20426
3854,16674
3855,15732
3856,16351
3857,16282
3858,16108
3859,15961
3860,15875
3861,15325
3862,15943
3863,23243
3864,17068
3865,17011
3866,17768
3867,16422
3868,15627
3869,17957
3870,15816
3871,16948
3872,16572
3873,18325
3874,17144
3875,16125
3876,17729
3877,15899
3878,17726
3879,17143
3880,17956
3881,16355
3882,15653
3883,17772
3884,15989
3885,17204
3886,17127
3887,45451
3888,16247
3889,16641
3890,16259
3891,18232
3892,17331
3893,16685
3894,19996
3895,18665
3896,22194
3897,18379
3898,17049
3899,18310
3900,16627
3901,16623
3902,16400
3903,19936
3904,17238
3905,20242
3906,18106
3907,16685
3908,16652
3909,16752
3910,19039
3911,20060
3912,17030
3913,18113
3914,248832
3915,17177
3916,48712
3917,17243
3918,17511
3919,18290
3920,18772
3921,23164
3922,16815
3923,18394
3924,18391
3925,19013
3926,17140
3927,17259
3928,17677
3929,17399
3930,18247
3931,25588
3932,19525
3933,19330
3934,119715
3935,19219
3936,27395
3937,19154
3938,19962
3939,20527
3940,21818
3941,19133
3942,19806
3943,19494
3944,19877
3945,19294
3946,18917
3947,18540
3948,18566
3949,19467
3950,19843
3951,20680
3952,19448
3953,21926
3954,19993
3955,21937
3956,26489
3957,23254
3958,20449
3959,21511
3960,20099
3961,19924
3962,20430
3963,26690
3964,20297
3965,21054
3966,20665
3967,21512
3968,20151
3969,65155
3970,22772
3971,21295
3972,23643
3973,23028
3974,21272
3975,21944
3976,30037
3977,22918
3978,22445
3979,21943
3980,29220
3981,24764
3982,22518
3983,22002
3984,193571
3985,21600
3986,23435
3987,22214
3988,23594
3989,24658
3990,23484
3991,26631
3992,24169
3993,25096
3994,25373
3995,28219
3996,27471
3997,30097
3998,28128
3999,22970
4000,37673
4001,38300
4002,28031
4003,26587
4004,24397
4005,27758
4006,24033
4007,23452
4008,23151
4009,23521
4010,22806
4011,22945
4012,23871
4013,22985
4014,26543
4015,23120
4016,23035
4017,22726
4018,24281
4019,23625
4020,24901
4021,25485
4022,23437
4023,23562
4024,23715
4025,23042
4026,24924
4027,36206
4028,24865
4029,25863
4030,28141
4031,27991
4032,24344
4033,24729
4034,23961
4035,24768
4036,25922
4037,25152
4038,24693
4039,25651
4040,27638
4041,25767
4042,25799
4043,26539
4044,26553
4045,26811
4046,62431
4047,50687
4048,53926
4049,46129
4050,42362
4051,40089
4052,38528
4053,36792
4054,34860
4055,35514
4056,33648
4057,30816
4058,30630
4059,34050
4060,33077
4061,30629
4062,31352
4063,30986
4064,33341
4065,31455
4066,33689
4067,32835
4068,33996
4069,34884
4070,35049
4071,36308
4072,38267
4073,35563
4074,36295
4075,38422
4076,37830
4077,40243
4078,39872
4079,40858
4080,44373
4081,42046
4082,43654
4083,45510
4084,49740
4085,48265
4086,51800
4087,56642
4088,64638
4089,65470
4090,73015
4091,80557
4092,93609
4093,98116
4094,125544
4095,233938
4096,524613
