date,count
2021-07-04,1492605
2023-12-06,3534520
2024-02-01,3513842
2018-02-06,613025
2019-11-23,556611
2020-01-14,962882
2020-06-30,1244420
2016-03-27,118482
2016-05-30,174917
2018-03-20,604965
2024-01-10,3482980
2017-04-13,383131
2017-02-17,363607
2017-09-27,505531
2019-02-20,750740
2021-05-29,1539304
2022-08-29,2693690
2023-12-22,3418472
2023-04-11,3064174
2016-07-06,170128
2017-03-26,299301
2025-08-13,1531311
2019-11-01,785166
2022-03-14,2536067
2019-09-08,793656
2021-08-18,1790371
2023-08-22,3430094
2023-09-12,3283666
2018-03-23,527223
2019-12-12,877381
2025-09-27,1032090
2019-09-16,841695
2025-07-03,3514099
2025-01-06,3475417
2016-07-16,234504
2019-04-20,712404
2021-05-26,1727234
2018-09-14,608038
2021-09-29,1846052
2021-07-21,1599351
2022-12-31,2856883
2016-08-12,198140
2023-05-24,3198021
2022-07-12,2516259
2024-06-23,3280567
2018-09-29,606337
2020-10-19,1315242
2020-09-23,1327192
2020-07-09,1239751
2016-08-07,210816
2016-07-09,180638
2023-08-21,3222420
2015-09-21,3
2019-09-30,833299
2023-08-05,2919910
2019-02-15,671799
2025-08-29,1667789
2019-07-23,775814
2024-10-24,3616373
2020-03-31,1191917
2019-12-10,917063
2024-03-28,3544824
2025-10-20,345720
2019-06-15,693043
2020-11-13,1299180
2016-10-27,251892
2021-11-21,1716466
2017-08-01,452283
2018-09-22,609176
2021-09-22,1827840
2021-03-16,1636339
2021-06-22,1697632
2024-05-04,3324327
2024-04-08,3537243
2021-07-10,1526832
2017-08-04,444882
2020-05-24,981136
2016-10-07,241036
2016-10-12,226529
2016-11-24,287798
2017-08-21,480710
2018-01-30,599319
2025-01-07,3393702
2018-09-03,608081
2019-11-05,825093
2020-11-22,1240853
2021-08-26,2049084
2015-10-20,32661
2019-09-04,827081
2023-03-15,3083076
2020-02-07,925874
2023-07-13,3290486
2017-06-08,447639
2024-11-10,3358251
2017-02-22,347315
2016-06-17,180705
2022-10-14,2747435
2019-03-30,690013
2023-08-23,3418661
2024-10-15,3633404
2017-02-09,359621
2024-07-27,3514749
2019-03-21,683710
2025-10-24,301877
2019-08-11,703616
2020-08-15,1231898
2021-08-05,1802186
2024-08-15,3546394
2016-01-07,103518
2017-10-29,535695
2017-08-07,461628
2021-12-14,1876635
2024-07-05,3602549
2025-05-19,3673589
2017-01-29,345878
2018-01-16,533411
2020-10-20,1328820
2023-09-18,3255724
2022-06-20,2462558
2017-04-18,389675
2023-03-29,3059598
2016-08-03,217459
2017-02-25,346139
2022-10-06,2615903
2021-12-20,1915338
2025-02-08,3534250
2016-11-13,274024
2019-09-26,838524
2019-12-16,916197
2015-12-31,95057
2023-03-19,2802503
2020-04-23,1192071
2023-02-20,3063981
2016-11-23,292416
2016-01-30,118873
2022-12-26,2708606
2018-12-04,640166
2017-06-11,434733
2022-07-22,2468914
2025-03-16,3363527
2021-01-16,1422568
2023-02-14,3173473
2023-04-16,2794791
2017-03-18,341154
2015-10-04,22095
2025-02-01,3495035
2018-03-09,568109
2019-02-14,711923
2025-08-25,1602290
2019-09-10,757192
2021-12-28,1823183
2024-12-23,3527311
2016-03-06,134113
2024-06-11,3600884
2023-05-28,2840464
2019-08-15,742792
2021-09-15,1798014
2017-02-13,379211
2019-09-01,797105
2022-03-04,2368645
2025-08-27,1680712
2021-03-01,1575833
2016-05-25,176330
2018-12-07,632388
2016-10-11,226902
2018-09-28,586460
2020-11-08,1238416
2024-10-10,3572520
2021-06-15,1803514
2017-08-25,453795
2017-11-21,535705
2023-02-15,2969503
2020-06-08,1206430
2017-06-06,435811
2021-06-03,1745964
2023-03-31,3175157
2022-03-30,2472897
2024-07-16,3624727
2017-01-02,312638
2020-07-04,1139610
2016-11-15,281671
2018-01-13,488526
2025-07-07,3469442
2016-11-21,278267
2018-01-28,608640
2023-05-27,2795406
2024-03-10,3271098
2016-03-12,138237
2025-05-01,3572994
2018-09-07,602224
2024-12-21,3389687
2016-02-11,123098
2017-05-02,412805
2017-02-05,345337
2017-02-10,355159
2024-01-21,3291783
2024-01-06,3229696
2025-01-31,3568595
2019-09-22,827549
2021-06-30,1763076
2020-11-03,1310962
2022-07-31,2346014
2022-08-15,2480156
2020-02-05,1005111
2018-03-16,564478
2025-07-14,3520684
2016-06-16,187274
2022-09-30,2759247
2024-06-28,3631973
2017-03-06,359676
2025-06-15,4240756
2017-09-20,511047
2018-03-02,556741
2018-05-04,489184
2018-07-23,575630
2024-07-02,3564064
2024-04-07,3273852
2017-10-05,485562
2017-10-06,469308
2024-05-31,3717242
2016-12-02,295969
2016-01-13,111634
2021-05-05,1705998
2024-05-25,3351470
2022-12-12,2752897
2019-08-20,818886
2020-03-12,1087739
2019-04-22,772891
2020-05-26,1161334
2022-07-08,2602956
2017-04-17,378705
2021-02-27,1486648
2018-04-17,630540
2020-01-13,953408
2023-08-12,2887387
2016-04-20,165230
2023-08-29,3247860
2017-09-19,492903
2019-12-22,831451
2018-09-11,651602
2021-04-25,1545230
2021-06-06,1445123
2016-04-19,156425
2024-03-30,3287835
2023-04-25,3115077
2021-03-09,1567538
2024-03-20,3463594
2024-05-10,3512353
2017-08-05,454226
2018-11-16,625099
2021-03-21,1370646
2016-03-15,137570
2023-04-23,2645842
2016-04-16,155999
2015-12-15,88215
2024-06-20,3797996
2019-09-13,744707
2019-06-28,686078
2023-05-12,3295477
2021-05-12,1963546
2016-08-23,225787
2020-11-01,1191751
2021-12-27,1773886
2024-07-21,3289330
2016-12-21,293665
2017-11-04,498611
2022-04-06,2528059
2023-08-18,3382044
2021-04-23,1644643
2023-07-24,3211764
2016-10-15,246588
2017-06-27,371675
2017-07-02,408664
2016-05-04,164797
2018-02-08,594074
2019-01-20,681702
2022-10-18,2675406
2021-07-14,1664550
2023-06-16,3246534
2022-08-09,2683150
2023-06-29,3057943
2022-02-23,2091773
2022-12-16,2748781
2016-05-18,174018
2020-09-21,1315623
2020-12-29,1430408
2019-10-17,779271
2024-05-19,3516028
2024-10-02,3741081
2019-09-25,878424
2022-01-15,1790903
2018-10-11,602165
2024-09-01,3495364
2025-10-15,424641
2024-03-23,3200023
2020-04-07,1252313
2024-11-07,3697201
2022-02-12,1930480
2024-12-25,3645660
2016-03-19,136730
2023-04-08,2855339
2019-06-18,736077
2022-08-26,2611631
2020-01-18,894941
2024-05-20,3771511
2024-05-23,3610752
2018-03-04,570226
2015-11-10,56498
2019-08-31,835563
2016-05-06,150897
2018-04-16,619019
2017-03-15,345049
2017-11-24,513216
2023-08-11,3165603
2018-12-16,618007
2018-04-04,580715
2023-10-04,3334271
2020-08-10,1285611
2022-05-05,2465270
2021-05-13,1726634
2021-10-09,1680036
2022-04-24,2238884
2017-10-20,484508
2021-11-11,1832433
2024-01-22,3549043
2020-11-10,1386011
2024-04-28,3250040
2022-04-14,2528206
2025-04-01,3492985
2017-01-11,327645
2019-02-10,666847
2017-02-16,347202
2021-01-02,1262083
2017-05-26,399061
2025-04-26,3634313
2016-05-12,165338
2019-07-25,751029
2016-10-24,251883
2020-01-31,925505
2022-01-18,1965804
2023-08-01,3354960
2024-01-31,3542729
2022-12-09,2830608
2024-11-28,3626372
2020-07-18,1126917
2016-12-31,316356
2020-02-08,963756
2024-10-17,3641088
2020-03-06,1003860
2023-03-25,2783442
2022-02-10,2045567
2023-09-01,3905182
2022-04-27,2549106
2022-08-17,2559072
2022-06-28,2522038
2016-04-25,157527
2020-08-04,1219585
2022-05-01,2311801
2017-10-13,494930
2023-03-03,3008293
2020-03-08,967014
2018-06-06,539540
2019-03-27,710816
2023-06-05,3051216
2020-09-25,1210194
2023-01-20,2853859
2024-12-15,3240423
2019-04-11,743504
2016-07-30,194404
2022-09-04,2339379
2017-04-27,409854
2017-07-18,447420
2017-11-09,497498
2019-06-17,728759
2020-09-09,1281204
2025-08-30,1586691
2024-03-07,3612532
2025-06-05,3895279
2024-03-12,3651030
2018-07-06,520339
2019-05-11,751505
2019-12-30,855035
2021-01-14,1520236
2020-02-17,971982
2020-05-05,1211827
2022-11-24,2689092
2020-12-11,1331608
2023-08-13,2864548
2025-06-08,3122403
2021-11-15,1858987
2024-11-03,3515907
2024-09-03,3501764
2016-08-13,217742
2020-08-12,1302184
2016-05-05,151598
2024-06-19,3574846
2024-11-12,3590892
2015-10-15,29449
2017-08-23,498842
2020-06-09,1250722
2017-08-26,462096
2020-12-14,1400007
2023-02-09,2984170
2023-06-09,3270351
2024-11-13,3674970
2020-05-13,1264251
2017-12-21,557567
2018-01-15,526672
2021-08-03,1822504
2024-08-20,3614729
2020-09-14,1276522
2021-03-12,1570173
2018-11-23,601173
2018-11-15,616864
2019-01-01,593938
2018-07-30,565757
2025-08-28,1691748
2017-03-09,352952
2023-01-05,2703516
2017-11-30,518326
2021-07-15,1785047
2024-08-23,3646608
2024-11-17,3343434
2025-02-23,3588439
2023-02-18,2722327
2018-08-17,586653
2022-05-30,2423913
2016-01-03,102640
2023-02-24,3019404
2024-11-08,3591623
2015-12-07,87951
2021-12-08,1852720
2023-07-27,3238383
2018-04-29,365646
2023-01-22,2642551
2017-03-05,353474
2023-02-07,2964760
2016-06-25,194602
2018-11-25,620293
2023-07-26,3325226
2018-06-30,524060
2024-06-21,3528275
2020-09-27,1230815
2022-06-24,2516202
2022-07-17,2244239
2022-04-11,2567922
2018-12-30,628225
2019-03-02,700390
2020-12-01,1394553
2019-03-10,688080
2023-04-12,3184001
2018-11-24,628632
2021-10-03,1645879
2021-07-03,1502784
2023-02-03,2876180
2024-11-02,3618248
2018-07-14,504302
2022-12-01,2830873
2024-06-03,3541817
2025-03-23,3182501
2018-04-09,603371
2024-08-01,3785318
2022-04-16,2348093
2023-07-08,2910661
2020-04-09,1225032
2020-05-16,1183811
2024-11-23,3456672
2024-10-21,3682968
2017-03-27,327649
2023-02-12,2751377
2020-10-10,1214237
2020-03-26,1221548
2018-12-29,685144
2024-11-22,3699386
2018-07-13,532864
2017-07-27,426520
2022-09-22,2636807
2018-01-09,489376
2018-04-01,535018
2020-09-30,1344715
2022-05-14,2243233
2020-05-14,1238691
2022-12-05,2858819
2025-06-16,4410595
2019-04-26,693607
2017-08-16,478115
2023-07-29,2952236
2016-12-13,301795
2017-12-06,517317
2015-10-31,45491
2017-07-17,439914
2024-06-12,3628041
2022-08-02,2687461
2018-05-27,508895
2024-01-16,3509011
2024-12-12,3604109
2015-10-25,42605
2023-07-15,2937825
2016-11-03,263978
2019-07-01,724213
2019-03-28,698811
2017-09-21,500996
2016-06-18,193408
2020-07-23,1202976
2022-07-29,2531392
2025-06-06,3810885
2019-04-28,684285
2017-09-25,505789
2018-08-10,584523
2022-08-28,2411811
2025-10-04,706544
2020-03-28,1164715
2024-04-05,3613673
2023-07-16,2936031
2022-01-22,1783010
2020-08-28,1229259
2017-07-29,434781
2022-06-27,2556265
2017-04-08,373443
2016-07-29,195926
2021-10-02,1750816
2018-03-10,577907
2020-05-21,1234579
2021-07-27,1693029
2020-04-04,1105088
2019-09-06,776914
2021-08-10,1827288
2020-07-03,1199682
2017-08-17,471678
2016-06-04,162249
2016-09-05,237707
2017-12-11,537170
2018-08-27,629999
2024-02-09,3551375
2023-07-28,3308443
2017-05-24,412341
2018-04-06,562892
2020-11-14,1223712
2022-11-04,2750939
2020-02-29,1012287
2017-11-05,497773
2022-11-11,2748951
2022-12-14,2777962
2025-05-07,4014162
2023-05-30,3123146
2021-10-04,1899599
2016-04-07,145241
2018-03-06,615028
2019-10-07,780012
2018-10-30,591915
2019-05-30,755695
2018-03-08,594202
2022-09-03,2371520
2017-12-24,521751
2021-11-20,1755457
2023-08-06,2861239
2016-06-30,192748
2017-05-14,411248
2023-10-09,3843614
2024-06-18,3469258
2016-07-19,206933
2016-08-17,223142
2017-10-16,518468
2025-08-21,1611831
2019-06-27,711889
2018-09-19,583368
2016-07-24,203085
2023-01-23,2818623
2022-03-29,2451742
2018-08-13,623278
2020-02-27,1053439
2017-03-14,356621
2025-05-27,3673868
2016-03-09,138436
2020-07-12,1161472
2017-11-14,553819
2015-10-05,23747
2020-12-08,1384686
2022-11-23,2806120
2023-01-10,2818762
2025-03-30,2883087
2016-08-14,214080
2017-04-07,368912
2016-12-23,294251
2023-01-01,2276900
2019-05-31,740359
2020-07-06,1226958
2020-04-01,1173641
2020-11-26,1358245
2016-04-28,153773
2018-03-13,612869
2021-07-02,1624981
2025-07-19,2265184
2025-03-09,3232176
2022-11-16,2819655
2022-02-04,1945852
2023-02-05,2663275
2016-08-16,217561
2025-11-05,71751
2017-04-16,375423
2017-02-20,348492
2018-08-24,562788
2023-01-19,2881154
2016-02-01,127008
2018-07-16,551560
2025-06-18,4078380
2024-06-02,3252300
2015-10-08,25103
2025-11-06,66706
2019-07-30,793807
2021-04-22,1684150
2023-11-07,3520989
2020-10-15,1279492
2020-11-05,1322015
2017-06-16,412114
2020-11-29,1256913
2021-12-04,1699761
2025-07-28,1550518
2018-05-29,553287
2017-04-02,313405
2022-05-27,2401307
2017-04-04,359373
2020-04-30,1202649
2020-10-09,1223740
2023-06-12,3214210
2024-02-13,3679959
2016-02-16,130098
2025-07-10,3509916
2018-05-07,513917
2023-12-29,3504249
2016-03-04,127962
2025-02-28,3809355
2018-04-27,565322
2022-06-05,2185680
2023-07-17,3230072
2021-04-18,1497947
2023-05-03,3337393
2021-05-10,1709196
2018-06-17,482467
2019-03-17,704258
2021-02-23,1560993
2022-09-10,2478844
2022-02-22,2120818
2019-05-20,770404
2017-08-24,473446
2021-12-18,1806487
2018-06-28,533463
2016-11-08,272048
2021-10-27,1823649
2022-03-25,2415539
2025-03-26,3591141
2025-03-28,3708579
2021-02-09,1574764
2016-04-09,152858
2017-01-15,326550
2018-08-25,576361
2022-04-01,2490465
2020-05-30,1114356
2024-12-26,3489150
2021-06-08,1759425
2018-09-04,626575
2020-05-28,1188820
2023-03-13,3036835
2021-02-25,1554996
2022-06-17,2517302
2023-12-14,3592107
2019-09-24,866368
2021-11-12,1798530
2023-05-10,3468890
2023-03-01,3094151
2021-07-07,1728770
2025-04-17,3553382
2025-08-01,1526767
2019-05-26,754051
2025-11-04,92290
2018-08-19,581987
2023-11-22,3526105
2020-04-29,1214940
2017-02-21,352243
2021-07-01,1718203
2022-02-25,2490205
2025-04-10,3589833
2020-10-29,1290569
2022-08-01,2597607
2020-09-13,1200049
2018-04-19,582664
2025-02-12,3659890
2023-10-25,3544494
2018-06-27,545147
2023-10-21,3375515
2022-05-04,2349396
2023-04-01,2881649
2025-02-22,3607023
2023-01-07,2615452
2016-05-21,183066
2024-06-22,3439336
2016-08-20,217878
2021-02-01,1577982
2022-11-05,2530860
2024-04-25,3599776
2018-09-26,628172
2025-09-02,1635174
2020-02-28,1019657
2022-02-19,1927994
2025-10-13,465989
2016-06-12,189708
2015-10-14,32022
2020-06-18,1170798
2024-06-01,3581093
2024-07-07,3232902
2018-09-08,604498
2021-04-07,1625616
2025-11-09,23096
2020-03-02,1054342
2025-04-29,3642196
2018-02-21,593773
2019-05-01,735524
2018-07-11,553714
2016-01-28,117266
2018-12-14,611610
2024-10-13,3316378
2019-10-29,796957
2017-02-27,365306
2019-11-03,799040
2023-03-04,2772518
2024-01-27,3376308
2025-03-20,3753912
2017-09-17,476329
2020-10-07,1395119
2022-01-05,1887906
2018-01-04,435577
2025-04-21,3635879
2025-10-21,326292
2021-12-13,1861465
2022-01-25,1981047
2025-04-11,3569636
2019-11-26,718167
2022-06-25,2275356
2025-09-01,1758065
2016-12-20,306488
2024-02-08,3627791
2017-06-25,425922
2019-01-12,685115
2019-04-23,760672
2019-06-30,649606
2022-05-12,2440371
2023-06-24,3609893
2023-08-14,3155873
2025-06-30,3778841
2016-11-05,263888
2020-02-20,1008379
2024-01-29,3595701
2021-08-15,1649048
2017-03-02,339179
2019-04-04,707179
2024-01-01,3045102
2021-05-07,1666755
2018-01-17,543960
2021-07-05,1675861
2015-11-19,58764
2016-03-21,124461
2023-09-15,3312389
2024-04-19,3722877
2021-03-04,1543068
2023-12-13,3479622
2019-01-09,679467
2019-11-12,925996
2017-10-08,474193
2018-03-31,554083
2018-10-17,613746
2020-01-22,972764
2025-01-11,3341114
2018-02-01,584449
2017-04-19,389874
2019-08-25,839690
2019-10-04,734992
2021-06-21,1669298
2016-07-22,192651
2023-05-25,3224247
2017-02-03,350443
2018-03-14,590077
2024-08-28,3688067
2024-02-27,3608308
2025-02-06,3683859
2018-04-25,584780
2018-05-31,536142
2018-12-22,622952
2016-09-24,240661
2018-08-11,589385
2018-03-26,539659
2019-08-10,774264
2022-10-12,2660247
2015-09-25,8108
2022-05-25,2497483
2022-12-29,2839639
2023-07-21,3269617
2025-04-28,3674840
2018-06-22,526661
2018-06-05,541155
2021-09-08,1806806
2025-07-15,3491225
2020-06-17,1170612
2023-09-21,3313180
2021-05-14,1676682
2019-07-29,780987
2023-04-06,3158435
2023-10-02,3192504
2025-08-08,1519838
2025-01-30,3740129
2019-10-16,798207
2022-02-02,1996122
2017-06-05,420624
2025-01-22,3650347
2020-09-02,1301298
2017-02-19,342010
2021-09-14,1859652
2020-07-07,1240881
2024-03-27,3577425
2025-04-03,3518192
2025-09-23,1278469
2016-11-11,260651
2024-12-06,3612309
2024-10-11,3518727
2021-06-24,1725906
2016-06-20,197191
2024-07-10,3561453
2024-09-14,3330721
2025-01-16,3593077
2025-05-24,3469991
2017-10-03,489916
2020-12-05,1268562
2022-07-26,2507626
2021-04-12,1619185
2023-06-27,3276582
2022-11-03,2881873
2021-05-22,1487395
2024-08-30,3528261
2016-02-19,122564
2016-07-13,200130
2023-12-05,3503558
2017-04-24,405084
2018-05-13,509092
2017-04-12,388507
2024-09-27,3725108
2019-07-13,726410
2017-02-01,368474
2023-03-17,3048990
2016-01-05,107376
2020-11-04,1371896
2017-08-06,446261
2018-08-16,597175
2020-07-15,1287318
2017-03-01,360888
2016-12-22,294058
2017-05-13,421109
2017-12-04,527256
2018-02-07,603224
2021-07-08,1673768
2024-07-09,3602938
2024-10-25,3670269
2015-12-11,78250
2019-02-13,730627
2023-02-21,3216229
2021-07-25,1542516
2024-09-17,3635500
2018-02-10,587146
2016-09-04,227716
2022-02-21,2155031
2022-05-02,2225466
2019-07-24,775403
2019-07-20,739252
2019-11-10,797413
2017-04-06,367042
2024-03-25,3555904
2016-05-29,172120
2016-04-05,153233
2025-06-17,4362400
2017-12-20,589112
2020-12-21,1378425
2017-08-19,478948
2019-10-13,764723
2016-12-16,290957
2016-02-28,131339
2018-12-12,646511
2015-11-06,48756
2017-01-06,302512
2016-01-16,119074
2018-11-08,586469
2016-02-17,132865
2021-02-19,1532999
2019-02-27,755140
2017-08-18,444701
2017-11-22,546861
2023-07-06,3377290
2023-08-04,3273710
2019-12-26,835795
2021-01-15,1489618
2016-02-26,130164
2020-12-06,1303964
2022-06-23,2496837
2023-03-28,3114801
2021-08-30,1844628
2022-09-06,2586817
2021-06-16,1811532
2021-08-11,1853085
2022-12-17,2562232
2025-05-17,3479587
2019-11-06,766466
2018-05-24,532730
2022-05-08,2262936
2016-02-14,125164
2022-04-30,2338381
2019-01-26,669234
2022-03-17,2510458
2019-04-21,705131
2018-12-23,607594
2023-12-30,3273556
2024-07-14,3533963
2019-03-22,650419
2021-08-16,1857487
2025-08-23,1493813
2022-07-27,2576299
2018-09-10,644556
2022-03-07,2374238
2019-09-28,771275
2019-10-22,822482
2020-07-10,1170607
2022-01-11,1949022
2022-10-19,2657323
2020-09-10,1273025
2024-08-07,3731815
2021-10-25,1810283
2023-02-13,3112041
2018-03-18,571811
2021-09-09,1793875
2016-11-20,249949
2022-12-15,2743477
2024-02-12,3550091
2024-12-24,3572938
2015-12-24,93494
2022-12-24,2573461
2023-12-02,3363066
2017-11-20,538848
2020-06-25,1196631
2024-02-05,3455321
2022-05-03,2221808
2024-06-10,3601515
2017-01-09,341718
2016-09-27,245010
2020-04-26,1125747
2020-07-28,1218555
2017-10-09,494196
2021-05-31,1754389
2021-09-25,1695248
2023-05-29,3079656
2019-02-03,691152
2016-12-08,293958
2018-11-05,588117
2021-02-10,1553063
2021-05-01,1596324
2018-02-27,591299
2017-11-08,515264
2022-11-09,2817982
2024-08-13,3604127
2016-01-02,99428
2019-04-25,716890
2022-12-03,2599819
2023-04-27,3251323
2025-03-31,3380010
2019-02-05,712586
2017-08-08,462918
2016-06-01,177081
2022-08-22,2626763
2018-07-29,527698
2020-10-17,1166332
2021-11-01,1821114
2015-11-27,63418
2024-11-29,3601108
2020-08-24,1341407
2021-06-02,1677125
2023-07-20,3276434
2023-10-24,3523508
2022-11-13,2519233
2025-08-05,1576696
2022-08-27,2382164
2025-06-11,3963445
2021-04-27,1718886
2020-07-08,1227665
2019-05-22,790414
2018-09-06,610409
2019-12-13,857236
2022-10-15,2459819
2018-06-14,584142
2018-10-18,597390
2021-06-26,1596978
2023-10-15,3200571
2025-01-27,3749051
2021-10-31,1796812
2023-06-11,2901246
2021-05-08,1597808
2022-11-07,2718777
2023-05-22,3256790
2019-10-11,751081
2025-05-30,3733606
2016-05-24,176266
2019-08-03,785096
2020-01-09,929955
2020-01-11,929490
2024-05-12,3449595
2020-08-05,1223853
2024-05-15,3614828
2015-12-18,85452
2020-02-02,933681
2023-04-24,3107045
2018-07-18,568229
2025-03-24,3551011
2016-05-14,167243
2016-06-14,194031
2025-03-25,3582826
2020-09-03,1250832
2023-10-16,3536733
2020-08-22,1217951
2021-08-17,1850550
2019-10-26,779624
2022-06-13,2342091
2023-10-10,3851082
2019-07-18,754988
2020-05-17,1152899
2022-04-07,2563158
2016-02-10,127793
2019-05-28,788082
2015-12-22,92188
2024-07-08,3628633
2022-01-21,1897542
2022-10-26,2738184
2021-10-23,1701374
2023-07-30,2920609
2025-01-26,3446008
2018-02-15,559401
2015-11-20,58811
2023-03-24,3114502
2018-07-09,530920
2025-04-15,3539189
2016-06-26,195508
2019-05-16,758847
2020-07-21,1234241
2019-01-06,649702
2019-12-23,868579
2025-07-27,1507174
2022-12-08,2719278
2016-07-08,162980
2017-01-23,327289
2019-02-18,732927
2020-09-28,1299609
2023-12-17,3150945
2022-01-31,2008559
2024-04-18,3576153
2018-12-09,616112
2025-08-18,1579770
2015-10-19,34085
2025-08-07,1560227
2025-05-16,3768184
2018-05-23,533814
2025-09-17,1717310
2016-08-22,228629
2019-11-20,524374
2023-03-14,3070050
2021-06-11,1705228
2016-08-29,231153
2017-01-24,345316
2019-04-30,746221
2016-09-13,219437
2019-09-05,804489
2015-10-12,31507
2016-02-07,122255
2021-03-08,1520461
2023-09-04,3601089
2023-07-22,2971158
2021-08-21,1618419
2022-04-12,2603428
2020-02-11,997192
2024-11-24,3527076
2020-03-18,1257724
2022-12-27,2697037
2016-10-22,249341
2021-02-04,1533878
2023-09-27,3246532
2021-10-29,1774779
2018-03-19,574044
2020-02-10,1018892
2022-09-21,2798426
2017-12-10,516427
2022-02-11,2060687
2024-08-06,3698089
2021-01-08,1339817
2022-05-18,2472489
2023-03-10,2939505
2024-11-05,3757662
2019-11-02,800421
2021-02-26,1530408
2017-02-23,344242
2021-09-28,1826321
2022-08-21,2330351
2017-01-22,330167
2023-04-22,2674812
2021-01-12,1501140
2020-04-08,1274432
2023-06-28,3153644
2023-04-28,3226658
2024-02-24,3359320
2017-04-29,415494
2020-02-06,984210
2025-03-11,3617249
2024-08-25,3537206
2019-12-21,829571
2020-04-20,1199697
2020-01-08,1082925
2024-10-27,3724236
2016-04-30,161835
2018-10-09,611329
2022-03-22,2344669
2024-05-08,3931281
2017-08-29,489427
2020-12-27,1265201
2021-06-29,1709812
2017-08-15,475919
2024-09-23,3744426
2015-10-30,41620
2019-12-20,865693
2025-06-13,4949387
2016-12-29,313040
2024-10-28,3746914
2022-01-13,1947199
2017-11-07,511356
2023-08-30,3391480
2017-03-08,357605
2016-03-26,123479
2022-06-16,2478579
2025-03-22,3289384
2016-06-24,192452
2025-09-07,1566652
2024-10-12,3314112
2018-10-15,629966
2025-01-28,3589075
2016-11-09,287407
2021-01-29,1512340
2017-04-10,399035
2018-10-21,591936
2022-06-14,2546193
2025-01-02,3044314
2017-09-07,479142
2024-10-23,3676696
2019-05-23,788224
2019-05-07,793324
2019-01-03,639622
2023-12-03,3321269
2025-07-18,2888290
2023-04-04,3148348
2023-05-02,3315894
2016-08-18,214108
2023-01-29,2698675
2024-12-02,3721760
2025-01-01,3023514
2020-10-26,1339256
2017-07-26,432462
2017-10-31,521390
2022-03-12,2404026
2018-01-24,552638
2024-04-03,3547265
2021-08-14,1736755
2024-03-13,3644215
2017-12-13,539546
2022-11-02,2834389
2025-03-15,3500719
2015-12-29,94608
2019-11-30,845855
2020-04-19,1076825
2023-09-23,3095089
2020-06-06,1161357
2018-07-03,539746
2017-11-28,533713
2023-07-04,3514322
2016-09-11,237379
2020-12-24,1381378
2016-02-13,126548
2019-01-24,696383
2020-04-16,1183168
2021-10-06,1863825
2025-01-12,3291682
2018-01-22,555734
2021-11-10,1820903
2022-07-28,2561890
2016-11-22,284106
2022-09-17,2461840
2017-01-14,317551
2017-10-24,513319
2018-02-11,588474
2021-05-15,1634341
2023-09-28,3282683
2017-04-20,377118
2022-07-20,2525322
2023-12-10,3200757
2016-06-05,175189
2025-06-01,3682292
2021-10-26,1822383
2023-12-08,3541214
2021-09-03,1713240
2021-04-28,1694577
2017-09-05,488562
2021-09-10,1770275
2018-09-17,629242
2025-09-22,1364739
2021-02-14,1431309
2021-05-25,1730300
2025-04-14,3560201
2023-09-17,2958457
2024-06-15,3308357
2016-02-29,132701
2017-10-30,518310
2021-08-22,1614938
2024-07-18,3594775
2023-10-13,3767996
2022-03-01,2439524
2025-05-25,3359953
2018-06-16,461978
2017-07-01,410956
2018-12-08,620228
2021-12-26,1588795
2017-07-03,420761
2021-01-23,1508318
2018-08-02,571239
2022-09-12,2666660
2024-05-03,3555840
2024-08-03,3421082
2018-08-20,610425
2022-03-08,2335894
2020-06-07,1115204
2016-12-05,301392
2017-12-03,501247
2016-07-14,190835
2025-07-08,3584938
2015-10-07,26174
2019-08-04,755683
2021-12-15,1883247
2024-01-03,3316021
2016-04-26,160676
2018-11-02,597697
2019-11-14,886789
2021-08-20,1785684
2018-11-07,590558
2018-01-20,542555
2025-05-08,3862679
2020-01-30,946976
2018-07-20,553668
2015-11-14,61472
2023-02-11,2763725
2017-05-22,417575
2018-05-20,506959
2022-06-29,2561960
2016-03-18,128571
2024-10-01,4210293
2025-10-09,590902
2021-05-02,1574358
2015-10-17,37599
2023-10-01,3067898
2025-05-18,3508494
2022-05-17,2531470
2024-02-29,3723313
2019-05-12,738738
2017-05-23,413000
2023-02-08,3017250
2017-07-09,415320
2016-07-05,201010
2020-02-03,971130
2017-09-06,478835
2018-04-26,566400
2020-04-14,1223185
2016-01-15,103292
2021-06-04,1665077
2023-06-20,3259964
2016-11-06,272853
2018-10-04,604527
2016-06-07,186666
2019-01-05,628913
2020-04-10,1163706
2020-04-17,1159435
2025-04-23,3661961
2020-06-11,1185925
2019-08-21,863700
2020-06-24,1214078
2023-07-11,3259579
2025-09-28,990496
2018-09-12,640544
2021-06-05,1462244
2017-05-04,423976
2017-01-01,303319
2024-10-03,3572942
2016-01-26,121030
2017-03-17,335186
2021-01-11,1537401
2019-06-09,685011
2022-07-13,2511461
2024-02-03,3295712
2024-07-12,3532220
2025-02-25,3636462
2020-03-30,1214737
2023-01-31,2889237
2020-08-23,1225268
2022-08-10,2590987
2025-09-16,1706494
2018-07-10,550469
2022-10-11,2738674
2023-02-19,2682552
2018-06-26,558012
2023-08-27,2926473
2023-06-10,3016538
2017-06-20,431168
2021-06-10,1727740
2023-10-11,3831236
2016-06-13,191778
2021-02-13,1468806
2022-01-26,1991651
2023-06-22,3328748
2024-02-25,3325569
2017-09-02,453004
2019-09-03,829870
2018-08-05,555359
2022-05-31,2507475
2019-11-16,733575
2018-11-01,599267
2018-12-26,640842
2019-08-29,838090
2019-11-19,530320
2021-06-07,1720293
2023-02-22,3156139
2023-01-02,2459315
2021-04-05,1585546
2018-03-29,498934
2017-10-21,489357
2017-03-21,316559
2021-01-07,1414246
2025-09-29,1018707
2016-07-27,206391
2023-11-20,3568238
2024-08-27,3535846
2016-08-27,222450
2017-04-14,377478
2023-01-15,2605254
2021-05-03,1620317
2016-11-16,275247
2017-08-20,478170
2018-02-05,606522
2018-05-18,527565
2016-02-06,123500
2018-04-20,574369
2025-05-13,3642038
2019-07-04,738359
2023-03-22,3016015
2022-01-07,1765668
2019-02-26,746059
2021-05-24,1685017
2024-09-26,3626275
2022-12-11,2487858
2024-10-30,3787307
2023-12-01,3663695
2018-02-23,554944
2017-09-12,501424
2019-11-08,792896
2021-11-23,1861541
2017-10-07,473709
2018-09-01,582541
2021-04-20,1673333
2021-12-22,1845449
2019-06-01,725103
2024-07-01,3618504
2017-03-22,307784
2019-12-17,899715
2025-07-06,2849998
2019-03-18,725204
2024-10-04,3638435
2016-02-22,134085
2022-07-25,2460138
2023-10-05,3350652
2021-11-26,1775376
2024-02-21,3580980
2025-10-07,639231
2020-01-26,927235
2019-07-17,779576
2017-06-01,435215
2024-11-21,3752091
2019-11-17,499662
2020-04-13,1209343
2023-05-17,3166492
2025-05-14,3731266
2021-09-13,1826582
2023-04-09,2812172
2024-02-17,3278292
2020-05-06,1265096
2025-06-23,3917563
2018-12-17,657050
2018-05-25,525692
2017-11-01,515538
2020-06-27,1164926
2017-05-01,431450
2022-01-29,1854841
2019-08-09,743004
2020-07-17,1161110
2022-09-13,2654133
2018-05-08,540367
2024-01-05,3284453
2015-11-03,49326
2024-06-24,3530796
2025-04-24,3631186
2025-09-11,1635672
2018-12-15,629862
2017-03-23,320828
2025-02-05,3628636
2020-02-21,1021000
2020-11-06,1295499
2019-01-18,660745
2021-09-21,1825113
2021-06-27,1517223
2015-09-28,16552
2023-11-26,3210487
2016-01-09,108391
2020-08-06,1213683
2017-01-30,353495
2022-05-15,2303756
2020-01-06,913067
2020-07-30,1212768
2020-01-20,963703
2021-01-10,1383946
2020-08-14,1245738
2025-04-04,3595263
2021-10-21,1868006
2022-05-23,2472642
2025-10-27,220056
2016-03-01,134990
2021-10-08,1800857
2023-01-13,2819948
2025-06-03,3810728
2025-08-11,1567515
2017-12-27,566597
2022-03-27,1976619
2018-11-21,630158
2021-10-24,1640678
2025-07-29,1525453
2016-09-22,234910
2019-04-08,764294
2022-09-24,2437612
2015-09-30,19655
2022-09-11,2472386
2025-06-10,3875410
2021-08-28,1742291
2022-11-25,2767830
2017-08-31,483755
2025-04-13,3333448
2017-07-28,426188
2019-06-19,738632
2023-09-29,3264506
2024-06-05,3529489
2018-10-25,600575
2024-07-20,3387872
2025-07-01,3790602
2018-04-15,572139
2015-11-08,54936
2020-03-11,1086532
2017-03-24,321409
2021-04-29,1670727
2015-12-16,86494
2022-10-02,2458548
2024-01-13,3471822
2018-09-21,585740
2023-08-15,3212079
2023-09-05,3201890
2022-05-11,2466392
2020-08-21,1269955
2021-03-18,1592564
2016-04-14,143691
2021-02-18,1572887
2017-07-08,419669
2017-04-22,418713
2018-12-24,653222
2017-04-30,409359
2025-06-21,3007939
2019-08-17,765443
2023-05-08,3078396
2018-02-26,590133
2018-04-10,614895
2023-02-27,3061312
2021-04-17,1573954
2024-03-08,3466436
2022-03-09,2324118
2020-07-11,1177314
2019-12-01,842619
2018-06-10,519798
2022-08-07,2439596
2017-07-07,392804
2015-10-22,35646
2023-02-10,3029234
2023-04-07,3269857
2022-10-17,2686771
2018-03-07,607679
2021-05-23,1538724
2023-10-18,3742211
2017-06-28,395392
2017-12-29,528433
2019-10-18,739885
2018-06-21,542252
2019-07-27,764027
2021-09-16,1757752
2021-01-03,1288497
2016-01-01,90347
2019-04-01,767358
2018-10-16,624440
2024-01-02,3247709
2023-12-04,3515379
2019-06-05,637048
2019-09-21,828970
2017-04-01,330264
2022-07-14,2542272
2019-02-11,727452
2022-01-02,1677860
2024-12-03,3726402
2018-04-24,580015
2021-01-13,1563256
2024-12-01,3433241
2025-05-15,3888683
2021-05-18,1788368
2017-09-14,469631
2016-01-06,108146
2020-02-16,907514
2024-01-28,3312739
2020-04-21,1194389
2023-05-26,3074097
2024-11-04,3643103
2025-08-19,1602921
2025-10-10,579301
2020-03-29,1065219
2025-07-13,2832390
2022-08-20,2374682
2022-09-14,2691483
2025-06-27,3719626
2016-10-16,241020
2021-07-31,1632843
2022-07-06,2501373
2023-07-10,3224207
2025-05-06,3876438
2019-05-21,783460
2022-11-15,2969254
2024-03-11,3574934
2020-12-31,1340026
2024-04-22,3630480
2015-10-06,28525
2019-10-21,816534
2020-05-03,1144391
2020-06-04,1137499
2023-03-26,2455029
2016-07-10,186423
2018-12-27,647726
2021-01-24,1409512
2024-05-21,3550903
2019-01-16,702181
2024-04-01,3684061
2018-08-12,577848
2016-09-14,229575
2019-03-16,704408
2018-06-02,525775
2021-08-07,1589670
2020-09-07,1242618
2016-10-31,261118
2018-05-14,533297
2018-05-15,522930
2022-11-06,2527111
2016-09-15,226515
2025-11-10,12448
2017-04-23,399396
2024-11-25,3653803
2025-04-08,3668522
2018-07-28,558076
2021-11-16,1894101
2024-03-24,3097701
2024-05-28,3545466
2018-12-05,642961
2025-02-18,3594523
2025-03-29,3287461
2022-01-04,1788272
2016-07-28,204411
2024-03-14,3637970
2019-08-14,765511
2021-04-10,1501773
2021-12-05,1643237
2024-09-30,3727869
2020-05-19,1261486
2016-05-17,172432
2024-11-27,3625471
2018-06-29,527542
2022-06-26,2245973
2017-11-06,496149
2022-04-03,2276130
2024-12-29,3223545
2023-05-06,2915356
2024-05-29,3572607
2019-10-08,781940
2019-05-05,763659
2022-03-20,2224333
2019-05-04,742304
2019-07-10,764590
2018-11-12,628405
2017-07-23,429672
2023-12-25,3367398
2025-02-09,3328447
2016-02-25,128793
2021-03-27,1435129
2025-08-26,1650215
2016-03-10,131113
2022-04-15,2510873
2023-03-08,2964403
2016-03-11,127697
2024-07-24,3667601
2022-09-25,2412624
2025-07-30,1551090
2022-11-12,2510905
2022-03-21,2339377
2017-08-09,461669
2017-09-26,507703
2023-07-23,2801059
2023-12-09,3209471
2018-07-04,537366
2020-02-01,962901
2020-04-15,1183902
2024-11-11,3672162
2023-01-08,2575188
2024-11-20,3723280
2024-03-29,3607366
2022-01-23,1786403
2024-05-17,3522528
2022-12-06,2778552
2018-10-02,645625
2018-12-13,637039
2019-05-08,778805
2025-04-20,3331085
2016-11-07,270961
2023-04-21,2944375
2025-08-06,1630949
2015-12-13,87473
2017-05-03,414587
2018-11-10,603895
2018-12-31,631378
2022-04-02,2190781
2016-09-21,242977
2025-03-07,3761732
2015-11-01,45236
2022-11-28,2776767
2018-06-12,561304
2024-09-28,3688899
2018-10-24,624923
2021-12-23,1823777
2021-11-13,1695113
2017-02-15,356699
2018-06-04,528566
2021-02-21,1415899
2016-09-01,230342
2018-08-21,584951
2015-12-23,97193
2016-03-24,125287
2017-06-18,423798
2017-11-18,507080
2025-08-15,1559842
2024-07-30,3783475
2021-07-23,1624460
2022-03-03,2398067
2016-07-23,203035
2016-01-22,106650
2018-05-02,484461
2022-05-24,2466757
2016-10-19,251160
2019-01-07,664780
2015-12-14,93309
2023-05-14,2889053
2023-11-14,3465870
2018-01-10,493704
2019-08-08,788305
2024-09-20,3609492
2024-01-12,3686682
2020-04-03,1156053
2020-06-13,1137240
2018-03-01,581196
2024-01-18,3533718
2021-01-04,1363993
2023-06-06,3283842
2016-06-15,191422
2021-12-03,1821337
2023-10-14,3319373
2016-02-27,136924
2019-03-11,730547
2017-01-13,308706
2023-02-17,2955248
2022-05-10,2375524
2022-09-19,2680553
2024-07-28,3452581
2022-07-24,2262289
2025-03-13,3621215
2021-12-21,1885127
2018-09-20,570821
2025-10-30,168356
2020-01-17,903426
2018-10-10,610250
2020-04-28,1205662
2020-11-09,1347506
2023-03-12,2750198
2019-10-14,801242
2019-10-28,827131
2016-04-04,150367
2022-03-26,2211154
2025-02-07,3677733
2024-07-29,3610275
2017-04-05,378318
2020-03-20,1217032
2021-01-26,1579799
2023-08-19,5151178
2018-09-15,611213
2020-10-18,1207997
2018-05-28,531180
2021-10-22,1801539
2016-05-16,168454
2017-06-23,437570
2016-09-26,243170
2022-03-05,2299697
2022-04-21,2605265
2020-12-15,1389570
2022-07-03,2200144
2022-02-05,1826563
2015-12-10,79400
2020-11-19,1348214
2022-08-23,2627974
2017-02-18,362045
2016-01-17,117705
2019-03-08,700577
2019-03-15,690360
2021-09-24,1782402
2016-11-27,283360
2022-01-20,1976949
2018-05-11,509500
2021-03-13,1505339
2023-10-28,3477001
2025-04-27,3456361
2021-04-26,1679317
2024-09-07,3268248
2016-04-13,157162
2018-02-16,560755
2019-05-24,772099
2022-01-14,1872264
2023-06-17,2826765
2025-07-26,1584760
2022-10-21,2710909
2021-05-11,1918692
2017-07-30,435535
2020-01-07,927159
2024-09-11,3573046
2020-06-10,1244681
2016-04-18,152023
2020-04-24,1157747
2016-04-22,147894
2019-10-15,793830
2025-06-14,4009000
2017-06-07,552035
2017-03-25,325022
2019-08-06,804012
2025-10-31,151932
2017-11-17,516588
2021-02-05,1481110
2018-07-17,571991
2020-03-04,1085591
2024-09-16,3566478
2021-04-24,1569182
2024-08-24,3530935
2021-02-07,1423671
2025-11-02,99456
2019-02-06,733439
2022-06-06,2471245
2017-11-10,480162
2015-12-17,86718
2018-01-29,599748
2021-10-01,1807097
2017-01-27,352431
2016-05-11,174399
2018-08-01,579094
2019-08-22,864727
2022-03-19,2228369
2016-02-24,136077
2021-06-14,1720702
2015-11-17,62491
2021-09-27,1782082
2019-03-31,668092
2019-07-28,744164
2025-09-25,1167450
2019-05-06,750247
2021-03-02,1575655
2020-12-17,1414058
2023-07-05,3366549
2018-03-12,593065
2019-11-27,764477
2016-06-19,189437
2017-09-10,474473
2018-04-23,594382
2020-07-13,1259702
2023-05-20,2839589
2017-12-09,522554
2025-04-16,3578813
2016-01-29,115991
2016-12-14,302639
2021-03-06,1452773
2022-02-09,2054355
2022-04-10,2350074
2025-06-28,3284693
2021-08-13,1777560
2020-05-29,1145291
2020-06-29,1233109
2019-12-05,853603
2019-08-24,803845
2023-07-03,3474845
2023-04-20,3015891
2024-08-09,3693846
2020-06-26,1185794
2021-04-16,1627805
2021-09-05,1593687
2018-10-26,587768
2018-11-29,631658
2021-05-16,1637719
2021-02-24,1589138
2025-06-19,3570821
2025-06-29,3234952
2015-12-27,99371
2019-06-07,645855
2018-07-01,505924
2023-01-17,2837588
2017-12-08,511394
2019-08-16,728420
2019-02-23,694306
2015-10-21,37816
2023-06-02,3160533
2019-12-14,910720
2021-10-05,1937409
2022-01-24,1912370
2023-11-27,3449099
2024-04-20,3467791
2017-02-11,350858
2019-04-12,708779
2017-09-18,497951
2019-01-27,662942
2016-04-10,155198
2021-10-14,1807511
2023-10-03,3205631
2016-12-11,296059
2017-05-19,433407
2019-05-19,732429
2022-03-28,2427460
2020-11-20,1322652
2022-06-01,2610337
2022-06-02,2446251
2023-07-02,2772402
2019-11-15,822828
2022-04-19,2550308
2016-07-18,200315
2018-03-05,590671
2025-07-20,2186747
2025-02-16,3293724
2025-10-17,385468
2016-11-04,265542
2017-09-09,451887
2021-04-08,1618716
2016-07-02,189914
2020-10-08,1265883
2020-12-16,1414780
2021-10-15,1810589
2023-01-25,2915009
2025-02-27,3638144
2017-06-21,441241
2017-12-07,521477
2018-01-19,524792
2023-10-29,3668994
2023-01-28,2721934
2018-12-03,650380
2022-09-26,2603380
2017-03-29,333601
2016-04-29,155224
2020-12-13,1276243
2016-12-07,307258
2016-12-12,296380
2019-02-16,690188
2021-02-08,1547830
2017-08-02,455010
2018-12-18,671395
2021-07-12,1672816
2024-07-04,3496137
2017-03-16,343776
2018-05-22,536076
2018-07-21,544921
2020-06-14,1138552
2020-05-01,1158429
2017-01-17,331094
2025-02-26,3630689
2017-06-04,416340
2021-05-20,1793005
2022-12-23,2707009
2017-08-28,494626
2019-09-23,868923
2023-07-07,3258088
2018-09-30,593281
2019-12-24,882682
2017-02-04,343219
2020-02-19,1024781
2021-06-09,1742231
2023-04-14,3138815
2022-07-19,2561566
2022-12-19,2749529
2017-12-19,543556
2023-01-21,2647563
2023-05-21,2788924
2016-10-25,258671
2023-09-06,3216588
2023-11-08,3519428
2016-10-30,271973
2020-01-16,923971
2019-04-18,720187
2025-05-03,3417719
2019-04-16,762801
2019-11-24,640054
2021-12-02,1903044
2024-04-29,3344368
2024-05-14,3528520
2023-07-01,2887236
2022-02-27,2481737
2023-11-16,3507865
2017-10-01,447773
2017-07-22,437964
2015-10-03,20892
2021-04-03,1441815
2019-06-21,703508
2019-06-29,644717
2017-02-12,357473
2019-12-31,884253
2015-11-15,58789
2019-05-17,734017
2016-01-11,111629
2017-06-15,439821
2021-11-28,1694378
2018-04-03,570262
2025-05-02,3504203
2019-08-26,872850
2025-01-04,3193349
2017-06-24,426794
2018-08-06,592953
2020-09-05,1202388
2016-04-15,153951
2020-03-23,1197473
2020-03-19,1249346
2021-04-15,1680871
2022-08-25,2589419
2018-09-16,596892
2022-11-17,2742265
2022-03-16,2467976
2016-09-28,247326
2024-03-26,3596536
2021-08-19,1825994
2019-04-07,698381
2021-03-20,1389605
2019-07-26,731506
2016-12-27,313454
2017-12-23,516101
2023-06-25,2879712
2017-03-07,362802
2025-06-12,3886147
2016-08-05,196368
2018-10-14,571699
2023-11-18,3418102
2020-10-12,1291083
2021-06-01,1767707
2018-10-05,599617
2022-01-01,1557922
2024-10-19,3470007
2018-05-01,512357
2025-04-12,3544099
2020-12-18,1360066
2020-06-19,1153798
2019-01-13,658299
2017-09-30,444692
2020-01-01,811712
2018-07-05,533011
2025-08-04,1539164
2016-10-14,234672
2019-03-01,696489
2020-04-25,1155736
2025-01-05,3264739
2025-09-14,1589050
2025-09-06,1505634
2025-02-14,4033586
2016-03-13,128769
2018-01-01,383277
2017-10-28,493167
2020-09-04,1203988
2022-08-05,2725599
2023-08-24,3377218
2020-03-09,1043639
2024-04-26,3627012
2022-09-07,2587173
2016-05-15,168138
2021-11-22,1881997
2016-06-02,171604
2022-01-16,1779933
2025-08-12,1585412
2024-05-07,3841901
2018-02-13,611373
2016-02-09,128888
2024-08-12,3592665
2025-06-24,3976130
2024-04-13,3333703
2024-07-03,3628480
2024-09-29,3418149
2017-06-02,432467
2024-03-19,3569708
2021-11-29,1856617
2015-11-30,72701
2021-08-02,1766994
2023-08-07,3148058
2024-04-23,3637720
2023-09-13,3392510
2023-09-26,3202578
2019-06-16,680833
2023-09-14,3251420
2025-10-29,177957
2020-08-03,1203064
2017-07-20,424547
2021-01-28,1551961
2018-02-03,575587
2023-11-25,3289131
2023-05-23,3210634
2024-06-09,3290340
2019-09-17,829063
2016-03-22,125507
2016-04-23,154231
2016-05-09,165854
2020-01-03,959020
2024-05-09,3846659
2016-05-10,177033
2024-08-04,3380987
2015-11-04,50217
2017-02-14,368301
2016-04-06,153420
2023-09-09,3088910
2020-07-24,1156940
2025-08-20,1632794
2025-08-14,1536645
2016-04-02,136880
2024-08-08,3705840
2025-05-23,3663545
2019-01-30,704102
2022-02-06,1787806
2022-07-16,2256584
2020-07-25,1141007
2019-02-07,687696
2022-08-12,2519313
2024-12-27,3458765
2016-08-15,216687
2025-08-24,1455826
2016-01-19,118460
2023-08-28,3244564
2023-04-15,2808313
2016-11-17,277031
2020-08-20,1293994
2021-08-08,1574273
2025-01-14,3630028
2021-03-24,1527897
2016-10-06,243464
2018-10-29,605752
2018-11-20,641812
2023-07-25,3295177
2017-01-16,328766
2020-08-29,1162758
2020-05-27,1228835
2022-02-26,2477774
2020-05-25,1060442
2016-12-09,291994
2023-02-23,3056143
2017-07-24,461080
2019-06-11,743872
2023-08-02,3325105
2019-02-25,765582
2017-06-09,446943
2023-09-25,3304066
2025-07-21,2530907
2020-01-12,897560
2023-01-18,2867530
2017-09-22,481214
2017-10-17,510940
2020-03-01,1005733
2016-10-05,250495
2019-05-10,725664
2017-07-15,431604
2022-08-11,2525211
2023-01-30,2899810
2023-03-27,3101160
2025-10-19,316822
2024-02-28,3626975
2025-02-11,3593691
2025-02-17,3573530
2024-02-04,3180220
2023-06-13,3348510
2022-04-26,2561507
2017-12-22,515624
2022-08-16,2582441
2022-09-20,2722269
2016-08-01,212997
2024-06-27,3630104
2019-03-04,728671
2015-10-26,41322
2019-08-19,805985
2020-03-25,1223374
2017-09-11,493922
2019-07-08,734391
2015-11-13,52720
2025-08-31,1563794
2016-12-30,296347
2023-07-18,3210423
2022-06-10,2540632
2022-03-24,2426307
2022-06-30,2480135
2016-02-21,134049
2025-06-07,3147632
2022-10-24,2654796
2015-10-01,17297
2024-03-09,3209644
2024-03-06,3591558
2018-05-05,486070
2019-04-14,713042
2020-09-18,1222669
2016-01-31,123087
2020-02-09,938648
2016-02-08,126433
2016-12-18,293529
2024-11-19,3685682
2016-02-15,127238
2024-10-16,3576648
2016-01-18,118078
2023-03-23,3043498
2016-06-03,159047
2021-12-09,1861509
2024-03-22,3718418
2016-01-12,110382
2024-05-05,3319890
2019-08-01,792989
2015-09-20,12
2016-10-04,249767
2025-08-10,1460495
2022-05-07,2308349
2025-05-11,3394352
2016-09-07,244310
2022-11-27,2535481
2023-10-27,3649642
2024-04-27,3566520
2019-12-29,853669
2016-12-03,289427
2023-08-25,3343688
2016-02-23,133763
2016-03-29,140917
2019-09-14,782817
2023-12-24,3094553
2017-10-23,507661
2025-04-07,3742035
2021-05-19,1832849
2025-04-18,3643815
2022-11-21,2759172
2018-07-26,563683
2021-10-28,1834201
2018-02-18,604740
2021-11-18,1889622
2024-02-19,3451629
2025-04-05,3362598
2018-07-08,514618
2019-10-24,803029
2018-11-30,607954
2019-04-09,793255
2024-06-13,3691343
2021-03-26,1501121
2020-10-02,1245208
2017-06-12,455562
2017-09-28,486671
2023-02-28,3028560
2019-06-10,722490
2022-02-15,2041582
2018-10-13,531859
2021-11-08,1819037
2016-08-31,228628
2022-07-23,2261166
2021-09-06,1781102
2020-05-15,1165645
2025-09-24,1200863
2016-06-11,190211
2018-04-30,591645
2022-08-18,2575224
2025-09-10,1676657
2025-10-05,669803
2016-01-23,115296
2023-12-18,3450963
2021-03-14,1458392
2017-08-30,480485
2019-09-19,845982
2017-04-11,384184
2024-12-08,3559663
2022-04-09,2399481
2024-05-22,3552467
2020-09-17,1259471
2017-10-02,489827
2023-07-31,3263376
2019-10-27,803812
2018-02-09,568485
2016-11-02,272101
2020-10-25,1270948
2023-09-03,3160712
2024-09-06,3383397
2023-11-05,3373906
2018-11-14,615296
2023-07-14,3278030
2023-12-31,3771014
2015-11-02,46360
2018-08-23,555825
2019-03-05,731583
2023-12-23,3205800
2018-07-12,548947
2025-05-09,3884346
2016-11-26,283340
2025-02-13,3745922
2021-03-11,1560547
2016-04-27,160109
2024-08-11,3368304
2018-10-01,628780
2022-02-17,2056267
2019-02-12,714452
2017-11-29,524977
2019-03-06,726641
2025-05-20,3656120
2022-09-18,2459919
2021-12-30,1805920
2016-08-09,214192
2020-08-13,1262450
2023-06-04,2696299
2021-02-11,1553092
2018-07-27,552590
2016-05-13,160797
2024-01-14,3379873
2017-03-20,347189
2021-03-31,1541973
2021-04-21,1731045
2021-05-06,1663507
2025-08-22,1618995
2016-10-29,257287
2025-07-12,2916011
2018-05-16,527584
2024-02-02,3474250
2020-03-16,1187791
2025-10-12,448116
2016-05-22,166152
2022-09-16,2714910
2023-06-07,3363991
2016-09-03,223950
2018-06-09,525284
2016-02-20,130788
2017-02-28,361963
2019-06-23,696807
2019-11-25,708812
2018-11-09,615499
2016-10-03,249171
2022-03-11,2435952
2023-04-02,2738854
2024-12-07,3453048
2019-12-08,833612
2020-04-12,1112496
2020-10-23,1253426
2024-03-21,3462782
2017-07-05,421966
2016-09-19,244796
2015-11-05,48039
2022-02-13,1935367
2019-04-10,773017
2024-02-22,3656518
2021-02-20,1488407
2018-01-21,529110
2023-01-24,2833876
2024-09-19,3632053
2025-03-12,3603886
2019-10-09,802500
2019-09-09,753796
2017-05-15,420926
2024-08-02,3626211
2021-02-12,1521239
2018-08-30,595504
2024-12-10,3580738
2024-03-17,3593798
2022-02-07,1968002
2019-12-11,885120
2021-07-22,1611662
2023-08-08,3247272
2024-08-14,3602866
2016-11-18,257765
2017-11-02,500400
2016-07-21,197910
2022-10-03,2657854
2021-04-02,1479179
2021-04-06,1624753
2017-07-21,423014
2022-10-04,2663577
2022-06-07,2479120
2018-09-27,622912
2024-02-06,3548714
2022-10-27,2743942
2022-10-25,2764946
2020-10-01,1289031
2022-07-02,2192535
2018-01-18,532731
2022-06-18,2295988
2016-07-07,155064
2019-03-20,730633
2020-01-28,1020280
2017-11-11,496174
2020-08-19,1294821
2020-01-24,936319
2022-12-30,2814869
2020-01-25,924258
2021-06-13,1523262
2018-11-19,629992
2021-12-01,1882182
2023-02-04,2660323
2024-11-16,3335767
2019-07-07,712470
2021-01-30,1483197
2021-07-16,1727486
2021-10-16,1694999
2020-11-17,1363197
2024-07-15,3655385
2016-06-10,181664
2018-01-14,523215
2023-11-09,3555549
2022-12-10,2572478
2021-06-25,1605569
2019-05-29,780476
2021-01-09,1386587
2021-07-19,1778000
2024-07-17,3582314
2025-07-23,2455908
2023-04-17,2987228
2020-03-27,1215286
2018-08-22,546180
2020-04-06,1191988
2018-11-18,593050
2016-10-13,230787
2025-05-05,3730412
2024-08-19,3642401
2017-09-03,453108
2016-08-25,226196
2023-05-15,3044422
2022-01-10,1915183
2022-08-08,2558295
2017-01-05,310840
2025-02-20,3687679
2022-06-04,2174524
2017-08-11,449870
2018-09-24,623951
2023-08-09,3299578
2025-03-06,3627624
2017-07-13,418515
2018-03-15,576058
2022-10-31,2831671
2017-12-30,546198
2022-08-31,2722999
2024-07-22,3668225
2023-05-09,3573637
2019-01-28,713082
2019-12-09,884250
2020-04-11,1119192
2017-01-03,320509
2021-07-20,1715665
2017-06-29,398792
2023-09-10,3043397
2017-09-13,479403
2022-11-10,2709189
2024-09-24,3667227
2018-08-09,600478
2022-09-23,2620162
2016-08-26,209049
2017-05-10,417623
2024-03-04,3545595
2022-11-01,2800951
2022-04-18,2528850
2024-06-25,3551323
2020-03-21,1121393
2019-05-09,756223
2020-10-16,1231445
2021-03-29,1531583
2016-02-03,124333
2018-03-27,547576
2019-05-13,762852
2020-05-11,1234613
2022-06-03,2384164
2023-07-12,3327152
2017-01-28,367669
2019-02-09,647001
2022-05-21,2269671
2022-10-05,2640631
2023-11-10,3578965
2020-09-15,1303744
2021-10-10,1660255
2018-12-25,662448
2024-12-19,3719012
2025-03-04,3649495
2017-07-14,411454
2019-02-17,689004
2018-06-03,532049
2025-01-15,3770304
2023-10-17,3596130
2019-03-24,644751
2020-01-23,953298
2022-11-20,2586973
2025-07-05,2832422
2018-04-18,598933
2017-02-08,354213
2021-02-16,1548679
2018-02-14,586536
2022-11-14,2738014
2024-04-02,3578976
2022-08-06,2575703
2016-06-28,194815
2023-01-27,3004675
2020-06-22,1236417
2022-03-10,2311161
2017-07-19,448708
2018-04-11,618454
2023-11-19,3345715
2025-01-25,3590855
2021-07-17,1651533
2016-08-19,209255
2020-05-08,1222896
2020-11-25,1401651
2022-06-11,2170952
2015-12-19,94286
2016-09-25,245195
2021-03-19,1534688
2024-03-03,3305750
2020-09-19,1185069
2015-09-26,11638
2018-06-19,573042
2018-06-24,536333
2019-05-27,722645
2017-11-25,513961
2020-09-06,1177444
2023-03-02,3002092
2023-01-14,2725960
2016-07-01,186937
2024-11-26,3653425
2015-10-11,32262
2020-10-21,1336382
2020-02-18,1007642
2018-04-12,601479
2021-01-18,1548511
2016-09-18,236414
2020-12-10,1384134
2015-10-23,30439
2024-04-15,3602889
2020-05-09,1176743
2020-11-24,1372358
2020-04-27,1203163
2021-09-04,1590163
2024-04-06,3396695
2022-07-01,2497542
2023-03-16,3068647
2018-10-27,592225
2021-12-31,1725333
2025-10-08,590694
2018-01-08,472956
2024-12-17,3571854
2015-11-07,56356
2018-01-23,557857
2018-08-14,605906
2022-12-04,2513929
2016-03-20,126011
2025-09-12,1664472
2016-05-03,163545
2021-11-30,1845542
2018-02-12,574975
2022-12-07,2799403
2019-06-20,739088
2021-02-15,1520318
2021-05-04,1611537
2022-12-18,2650399
2016-07-17,199813
2019-07-11,744564
2017-05-12,447133
2018-06-18,513951
2022-07-18,2446028
2019-11-22,512917
2016-12-25,307362
2017-06-26,376488
2023-10-12,3723421
2018-01-02,417353
2016-08-21,219273
2022-07-11,2460433
2021-07-30,1716227
2019-05-15,791318
2018-10-28,622266
2020-02-25,1041788
2025-01-21,3728422
2018-11-13,639859
2020-02-12,977009
2025-07-16,3386715
2023-04-10,3041364
2023-04-18,2991038
2019-04-27,708061
2019-06-02,712906
2017-02-24,327542
2016-12-24,306820
2017-12-12,535542
2021-12-17,1854145
2017-09-23,504482
2025-03-01,3527948
2018-06-20,571902
2020-03-17,1260651
2023-01-06,2706462
2022-07-05,2444979
2021-04-14,1682061
2023-09-07,3174854
2024-11-14,3625458
2017-06-13,458676
2024-09-02,3633091
2023-06-21,3256277
2024-08-05,3706072
2022-06-22,2618401
2019-12-07,872830
2024-12-28,3380128
2022-07-07,2561810
2020-01-10,878304
2016-03-16,137758
2025-05-26,3695310
2021-12-16,1837589
2016-08-30,233468
2020-12-28,1370431
2024-03-18,3630419
2018-05-26,527693
2021-08-09,1805505
2024-04-09,3524406
2025-07-25,1809146
2021-01-25,1548007
2020-11-28,1277904
2020-12-22,1396081
2018-06-01,536805
2023-06-30,3074858
2020-07-16,1225794
2024-06-14,3602755
2017-11-12,553576
2025-09-19,1475157
2017-06-14,453173
2023-02-06,3122082
2019-11-21,525692
2017-08-22,495739
2015-12-05,77979
2018-06-15,523142
2021-03-22,1452729
2020-05-20,1264748
2025-10-23,303964
2020-03-03,1080614
2025-06-25,3744889
2022-01-03,1785388
2016-05-26,171331
2021-11-27,1673869
2021-08-23,1741857
2024-06-29,3401834
2024-10-07,3739953
2024-11-09,3366658
2017-10-22,498263
2023-04-19,3149623
2019-11-29,835955
2024-09-05,3408255
2023-03-11,2785562
2015-10-02,16274
2020-08-17,1274593
2018-02-04,564577
2021-10-20,1882986
2018-04-14,593875
2023-09-16,2992840
2016-03-31,131384
2017-06-10,442582
2018-02-28,587046
2016-04-24,155144
2017-01-18,328722
2020-09-22,1311630
2022-02-08,1995633
2019-08-30,779703
2020-06-01,1200449
2017-06-30,399376
2017-03-19,339295
2017-06-19,454038
2017-07-10,427715
2015-11-23,68422
2019-11-28,798048
2024-05-27,3562616
2022-01-30,1801187
2018-04-05,565727
2020-06-23,1219575
2017-12-26,548466
2024-02-20,3563072
2025-05-21,3604471
2016-06-21,198036
2017-10-12,483522
2021-12-11,1761993
2018-12-02,614822
2022-09-29,2655664
2019-03-07,706958
2020-12-26,1275577
2024-09-08,3228598
2021-05-27,1661858
2017-12-05,547590
2019-02-21,710818
2016-11-10,263547
2017-01-26,347165
2020-07-05,1172372
2022-01-19,1991027
2023-12-26,3348300
2022-07-10,2138667
2016-12-28,314129
2017-02-07,363852
2022-06-09,2519484
2025-01-19,3538553
2025-05-12,3553835
2024-09-25,3686298
2017-02-02,358520
2023-12-28,3460081
2022-06-08,2499547
2016-04-12,156937
2020-02-22,991544
2020-08-25,1302910
2020-10-14,1297703
2021-11-25,1783889
2022-10-16,2482593
2020-05-23,1113314
2022-11-30,2883085
2019-07-16,772886
2019-06-13,725768
2020-09-29,1349103
2019-12-18,955297
2023-01-09,2806517
2022-11-22,2766997
2019-05-25,739255
2021-02-17,1568660
2015-09-23,2485
2022-07-30,2349996
2017-11-16,529656
2016-03-23,122361
2024-03-02,3316107
2016-02-18,126029
2016-09-06,236799
2016-10-02,246017
2018-02-22,566602
2021-11-02,1836050
2023-01-03,2598572
2018-11-04,587175
2024-06-16,3172912
2016-05-31,175767
2019-09-27,768087
2020-08-07,1239271
2016-01-14,105624
2022-08-14,2263146
2021-01-06,1474327
2021-04-11,1461292
2022-03-06,2286365
2017-08-27,461693
2020-06-03,1145978
2018-01-25,547208
2020-10-06,1350900
2017-05-27,421250
2019-01-17,688843
2022-09-27,2615114
2023-10-08,3583713
2024-06-17,3305198
2018-01-26,542168
2018-01-31,587352
2020-12-04,1314767
2016-03-30,137318
2025-07-04,3393544
2017-05-08,422676
2021-12-10,1822916
2016-11-25,282618
2021-11-05,1757262
2016-11-30,283417
2019-10-20,763100
2025-10-28,193157
2021-01-01,1178147
2018-11-27,639416
2023-03-05,2751840
2019-01-04,605577
2020-01-29,962212
2022-08-19,2574179
2018-03-22,543713
2024-08-26,3641107
2025-03-03,3775100
2018-02-20,583193
2018-05-12,500669
2015-10-29,41133
2018-04-08,568321
2022-09-02,2488512
2024-11-01,3676807
2025-09-15,1730020
2024-04-10,3379224
2025-06-22,3512974
2016-03-07,137405
2023-08-17,3246592
2024-10-14,3657961
2016-04-03,146201
2015-12-21,91971
2015-12-28,97045
2019-05-18,739838
2025-09-05,1616386
2019-02-04,736399
2020-07-14,1248786
2023-05-11,3425196
2017-04-21,372011
2016-08-06,211066
2016-09-29,240026
2020-04-05,1114599
2025-10-18,335102
2020-05-04,1209253
2020-11-21,1253769
2018-01-27,574156
2025-11-07,40636
2016-05-01,166613
2017-04-03,357183
2017-12-15,516232
2021-06-20,1500946
2021-06-23,1715243
2024-10-26,3669866
2019-10-30,837742
2024-10-08,3607109
2017-01-25,333285
2017-03-10,336884
2019-02-28,720515
2023-03-20,3056581
2018-10-12,599244
2022-02-01,2035727
2023-05-13,3165661
2021-07-09,1672228
2017-11-03,485921
2019-11-04,862921
2022-01-17,1979023
2021-04-13,1649974
2023-10-30,3578569
2017-10-14,495007
2024-12-13,3578834
2017-05-30,447090
2022-10-20,2696261
2025-01-03,3179911
2016-03-05,136305
2022-07-15,2558840
2022-04-22,2543117
2023-08-16,3286383
2018-07-24,593494
2025-01-18,3410597
2016-03-14,136885
2023-12-19,3445195
2025-05-29,3748550
2025-09-20,1304287
2016-02-04,123859
2016-06-22,192873
2019-06-08,674212
2020-02-23,981085
2017-12-31,467591
2023-04-30,2875550
2018-07-02,537594
2023-05-31,3165306
2020-09-24,1282159
2018-03-03,569800
2019-10-03,745783
2021-01-27,1593250
2016-10-10,250405
2018-08-18,586188
2017-05-20,444051
2017-06-03,422080
2019-06-26,738940
2022-10-23,2437391
2023-04-03,3117895
2022-10-22,2476130
2025-02-03,3666525
2019-03-09,686722
2021-09-12,1656828
2024-03-01,3688144
2018-07-25,587544
2024-04-16,3595448
2020-10-05,1321742
2019-02-19,738581
2023-11-01,3594626
2021-08-31,1954032
2017-12-02,526009
2019-03-13,725545
2015-10-28,43478
2020-06-21,1165418
2024-12-04,3698717
2017-04-09,379027
2025-03-21,3610795
2020-07-22,1220182
2016-10-23,246725
2020-08-18,1309481
2016-09-20,229712
2018-11-06,620497
2019-01-11,641798
2016-09-30,232551
2018-06-08,540288
2021-12-25,1585088
2016-04-01,124846
2023-11-21,3589504
2024-12-16,3586346
2015-12-20,94808
2020-09-16,1297028
2018-09-25,635670
2019-03-12,735796
2015-11-25,74633
2024-12-20,3609736
2017-02-26,350163
2019-09-07,782209
2021-01-17,1365628
2025-01-23,3643266
2025-07-24,2193552
2018-05-17,529579
2024-04-14,3980958
2025-01-08,3442821
2017-07-04,418446
2024-10-05,3421123
2018-08-15,589544
2019-11-18,527048
2015-12-25,91717
2020-05-02,1146407
2025-09-09,1687852
2019-06-12,728455
2016-07-20,203202
2019-04-05,690041
2022-10-28,2720111
2025-09-18,1552896
2016-07-31,202597
2021-08-29,1650651
2020-02-24,1047484
2023-03-30,3105154
2018-12-19,653128
2019-06-24,728553
2020-04-18,1132021
2021-07-13,1689723
2020-01-02,790179
2024-03-31,2996578
2019-11-07,795153
2020-03-22,1115422
2018-09-18,619501
2022-12-21,2791093
2021-02-06,1452742
2023-04-05,3217636
2023-03-18,2882104
2022-03-02,2431903
2016-07-04,192946
2021-11-24,1891916
2016-01-10,108260
2020-10-22,1294459
2021-06-18,1751401
2022-02-14,2144930
2016-10-17,250299
2023-08-20,2935447
2016-03-08,137452
2016-05-23,177538
2015-12-01,72277
2015-12-26,92610
2024-01-08,3422390
2019-01-22,694991
2020-05-07,1214423
2022-04-23,2286460
2017-06-22,434572
2018-03-30,579415
2018-11-28,652793
2017-02-06,350838
2020-12-12,1323220
2017-03-11,352176
2021-09-17,1787640
2019-07-19,717954
2020-11-27,1344422
2025-06-02,3841303
2020-12-20,1277527
2020-09-20,1172047
2023-09-02,3324916
2024-10-18,3610959
2023-12-11,3402009
2018-05-06,492346
2019-01-21,695116
2021-07-26,1760036
2024-01-17,3496380
2017-11-27,511112
2015-11-26,66610
2017-01-31,379610
2025-03-17,3609183
2020-01-05,925149
2024-06-07,3556822
2021-11-09,1837792
2024-09-15,3262216
2016-01-20,120206
2022-02-03,1993411
2018-04-22,577300
2017-08-12,452557
2020-03-07,1003883
2021-09-23,1788118
2023-06-03,2757844
2023-10-31,3667733
2019-03-03,709328
2022-11-26,2541172
2020-11-12,1329494
2022-12-13,2792941
2018-07-07,524046
2021-08-25,1877553
2023-05-18,3195018
2022-01-06,1821649
2023-12-07,3495316
2025-05-22,3586064
2016-12-26,306341
2019-04-19,699997
2022-06-19,2209464
2024-06-08,3203647
2019-10-12,752629
2017-01-21,330008
2016-06-09,185240
2017-01-12,318902
2018-12-11,650789
2019-04-02,720408
2022-05-29,2261595
2019-06-06,627553
2020-07-02,1237924
2023-08-26,2992596
2024-09-13,3507491
2021-12-07,1879401
2023-04-13,3155900
2025-05-04,3401914
2018-07-19,559928
2024-08-22,3696362
2021-04-01,1545081
2023-06-23,3251209
2024-02-16,3649724
2022-12-25,2460694
2016-07-15,186124
2019-06-14,689051
2021-09-02,1787625
2019-09-15,782463
2016-06-06,183550
2018-06-11,541156
2024-10-09,3555604
2015-11-21,65075
2020-11-18,1381573
2022-09-05,2605123
2021-06-17,1727119
2021-06-12,1591785
2023-11-06,3400401
2020-06-20,1153081
2025-05-28,3823217
2019-01-19,674476
2021-05-09,1603576
2023-06-15,3215743
2015-12-12,81521
2021-11-06,1712961
2022-04-05,2499682
2016-05-07,166384
2017-12-25,528136
2018-05-03,486881
2019-12-15,837483
2022-05-22,2209316
2025-01-09,3491855
2017-05-07,410768
2018-09-23,601492
2019-10-10,776815
2021-10-07,1817253
2019-08-02,740735
2025-10-14,445506
2021-10-17,1638653
2024-01-04,3348751
2018-04-02,532346
2016-09-02,216995
2020-05-12,1279622
2017-07-31,456192
2024-01-19,3479828
2022-09-15,2660787
2025-02-19,3623687
2019-11-13,941045
2016-07-26,209480
2021-10-11,1822285
2016-05-20,163212
2019-06-22,698649
2023-04-29,2900599
2023-11-02,3681186
2020-11-07,1274732
2020-06-12,1139952
2016-08-28,223918
2015-09-29,18825
2021-08-04,1822372
2021-01-21,1576007
2019-03-19,744632
2019-09-20,820053
2021-01-31,1498821
2017-10-15,490995
2018-01-05,432714
2017-07-12,424477
2021-10-19,1850142
2023-03-06,2945892
2023-06-26,3206061
2018-11-22,614885
2024-01-25,3575438
2024-09-12,3519894
2017-05-09,411769
2020-06-15,1202060
2021-12-19,1705697
2020-07-26,1108434
2020-07-20,1220157
2020-08-01,1087444
2022-11-19,2581900
2024-04-04,3561599
2019-01-10,681466
2024-01-07,3215710
2017-01-19,371020
2018-03-11,568614
2023-11-28,3522481
2019-07-05,691508
2021-12-24,1722347
2017-04-25,402311
2018-04-28,581790
2020-08-16,1206015
2020-01-19,913673
2022-04-08,2543906
2018-07-15,500983
2019-03-29,678430
2015-10-10,29647
2021-09-19,1689043
2019-01-08,667787
2024-01-15,3534720
2022-09-01,2760999
2018-10-20,604040
2023-10-22,3353317
2024-08-16,3572358
2020-05-18,1262490
2019-10-25,792582
2023-12-20,3491593
2017-05-16,417294
2020-08-11,1298650
2017-09-16,473141
2018-09-02,591538
2023-08-03,3172591
2019-12-27,795878
2020-02-14,986015
2022-12-28,2752809
2018-12-28,621907
2025-02-15,3462281
2023-03-09,3022839
2025-01-29,3665548
2021-09-20,1812636
2023-11-15,3482588
2024-10-31,3935564
2019-04-17,753178
2021-04-04,1412774
2023-08-10,3245619
2019-10-05,734806
2016-09-17,235712
2019-10-01,833114
2022-09-08,2692851
2019-04-13,715746
2024-01-24,3632644
2018-10-07,592407
2019-03-25,782329
2022-05-16,2508824
2018-04-13,587837
2021-09-01,1788245
2024-03-15,3826991
2016-03-25,120957
2016-06-23,192697
2022-06-12,2246464
2025-02-10,3563883
2018-11-26,642126
2020-01-27,997950
2023-06-18,2818643
2018-05-10,520003
2015-10-27,41842
2019-08-13,752578
2017-10-04,493346
2024-02-23,3514824
2022-04-13,2526605
2019-09-12,790566
2019-02-22,683953
2020-10-31,1222622
2020-07-29,1234132
2016-12-01,288323
2021-01-19,1595573
2016-05-28,170346
2017-01-07,315063
2024-12-18,3598665
2022-01-08,1760354
2022-05-09,2601504
2025-06-09,3810051
2025-07-11,3394166
2023-01-04,2637691
2024-08-29,3589202
2019-01-23,694292
2020-10-24,1200113
2025-04-19,3426006
2016-09-08,237462
2019-01-02,646212
2020-10-28,1349201
2015-11-28,73840
2024-05-26,3224381
2021-06-19,1616498
2021-11-03,1864744
2022-09-09,2584421
2024-01-23,3601536
2022-05-20,2426831
2024-02-07,3819302
2019-02-24,710145
2019-05-02,706617
2025-05-31,3345461
2015-10-18,35063
2024-02-15,3717741
2023-02-26,2915199
2023-12-16,3266709
2025-02-24,3617357
2016-11-14,279218
2025-10-02,951405
2024-12-11,3535215
2022-03-15,2530233
2024-05-24,3532485
2016-10-26,259843
2019-06-04,706287
2019-05-14,782637
2017-10-27,490461
2015-12-08,85667
2017-05-17,432116
2021-02-02,1635783
2018-10-23,632578
2021-03-25,1555780
2023-11-29,3529146
2016-03-03,127948
2020-07-01,1266149
2022-10-29,2570820
2022-02-18,2051117
2021-03-17,1614512
2024-09-09,3437366
2018-08-26,622629
2025-10-01,1042744
2020-10-03,1243134
2023-11-03,3765295
2017-08-03,454694
2018-12-01,624315
2019-12-25,854217
2024-07-13,3301666
2016-08-10,212397
2017-07-11,437807
2021-03-28,1325948
2021-07-24,1548443
2019-04-24,752555
2017-10-18,501563
2018-09-09,601720
2021-11-19,1862991
2019-02-08,669645
2017-09-29,470019
2018-12-21,633789
2020-08-08,1146201
2022-10-01,2540134
2018-06-23,519008
2020-05-10,1145484
2015-11-18,62054
2019-08-18,755316
2022-05-19,2449693
2018-03-17,564286
2021-01-20,1656024
2024-04-21,3318495
2016-12-15,297846
2021-07-29,1745617
2018-01-12,487728
2020-03-15,1080688
2025-11-01,118823
2025-06-26,3699352
2024-10-06,3423018
2015-11-24,70003
2019-10-31,824591
2017-09-24,488588
2018-11-11,585556
2020-10-13,1308530
2016-11-01,268250
2017-03-13,358714
2017-05-21,405200
2018-02-25,569197
2017-03-31,331552
2018-05-21,538334
2024-02-14,3939060
2016-05-27,161986
2016-12-19,306304
2021-02-03,1587196
2016-01-04,109599
2016-08-08,213683
2023-05-01,3068594
2023-11-23,3549981
2024-12-14,3358987
2024-05-30,3567006
2019-02-02,700265
2016-12-10,297855
2020-02-04,983959
2025-06-20,3535315
2025-07-02,3588423
2020-05-22,1203283
2019-08-28,888985
2015-11-12,55352
2021-03-07,1434482
2015-12-03,72783
2018-01-06,463218
2019-02-01,669653
2023-12-12,3480736
2023-05-04,3264211
2020-02-13,984516
2019-10-19,723601
2025-04-06,3325053
2024-03-16,3561860
2015-11-22,64152
2016-11-29,287132
2019-09-11,790300
2020-12-30,1369495
2017-12-16,524046
2016-08-11,203859
2023-09-11,3227940
2025-05-10,3318969
2018-10-06,605128
2020-10-04,1209379
2021-11-07,1665543
2024-06-06,3610721
2016-10-20,250157
2025-01-20,3806072
2022-10-30,2701564
2017-06-17,421653
2025-09-04,1624996
2017-01-10,324687
2017-05-06,406065
2022-09-28,2691086
2025-09-30,1022887
2017-05-05,430410
2022-10-09,2435416
2025-03-19,3709179
2017-08-13,452656
2025-01-17,3538522
2020-06-02,1172974
2020-07-27,1209288
2019-09-02,825308
2018-03-21,539261
2023-12-21,3477879
2023-11-04,3508825
2018-03-25,479963
2019-01-14,695208
2022-04-29,2555484
2024-02-11,3215793
2017-12-17,517718
2025-08-16,1490255
2021-11-17,1880306
2023-01-26,2962825
2024-01-26,3574870
2025-03-18,3867978
2023-09-08,3243726
2017-11-26,505441
2019-07-03,745972
2024-04-12,3564782
2020-08-31,1253495
2022-01-28,1954493
2016-08-24,229561
2023-02-01,2978889
2019-08-23,774141
2022-12-02,2745507
2015-12-06,80096
2025-11-08,28759
2015-10-09,25955
2022-03-13,2448881
2021-02-28,1435790
2021-02-22,1535299
2025-03-02,3481043
2017-11-15,543880
2025-07-31,1574149
2024-11-18,3652483
2016-06-08,187641
2022-01-12,1933452
2024-05-06,3632449
2021-12-29,1872340
2019-07-12,715049
2023-01-12,2827885
2020-02-15,921321
2018-07-22,551180
2018-02-24,586135
2017-01-08,341893
2020-10-27,1340712
2016-07-25,208442
2020-11-11,1368982
2016-03-17,136748
2016-09-12,208371
2021-03-23,1501567
2024-05-11,3399602
2024-08-21,3619785
2017-01-04,322916
2024-05-13,3564114
2022-05-28,2236037
2022-04-25,2497247
2019-07-15,763142
2025-07-17,3224615
2016-04-21,152577
2020-03-10,1108634
2018-04-21,583279
2018-11-03,596795
2016-09-09,226820
2023-11-17,3565383
2021-07-11,1512228
2022-04-04,2509809
2024-09-22,3403583
2020-08-09,1165035
2024-05-02,3592267
2022-07-04,2452606
2024-08-10,3491593
2019-08-12,683994
2019-09-29,781283
2017-07-16,425479
2018-09-05,633806
2019-07-06,704475
2025-08-03,1437149
2017-09-01,441255
2022-05-26,2425147
2020-11-15,1235156
2018-03-28,544809
2024-03-05,3579207
2016-10-18,254739
2025-01-10,3579955
2024-07-06,3322766
2016-07-12,197976
2021-05-17,1747873
2019-06-25,736113
2018-12-20,653781
2018-08-29,626503
2025-09-21,1274999
2023-03-21,3003916
2024-08-18,3263594
2016-06-27,187627
2019-04-06,715098
2017-10-19,496149
2022-02-16,2047713
2017-03-28,340508
2025-09-26,1154449
2023-05-07,2799276
2023-09-19,3423537
2018-05-09,524365
2019-05-03,671344
2018-12-10,646811
2025-03-14,3724175
2016-09-23,230028
2023-08-31,3521962
2025-01-24,3615213
2021-08-12,1821876
2022-01-27,2012431
2015-10-24,30935
2016-09-10,239458
2024-08-31,3432451
2025-10-22,317574
2017-10-25,525290
2017-10-10,498014
2022-10-07,2638904
2017-09-08,462917
2021-10-12,1848588
2016-01-08,100436
2024-04-30,3449167
2024-07-26,3586424
2015-11-11,53494
2016-10-08,250932
2023-09-30,2975235
2025-09-08,1728119
2020-07-31,1099456
2020-08-26,1330202
2021-09-30,1838875
2019-12-02,862473
2020-12-03,1363623
2025-03-08,3512124
2022-04-20,2584378
2024-07-19,3779035
2017-04-28,425830
2017-04-26,399391
2016-11-12,267456
2023-03-07,3140278
2023-09-24,3021270
2020-12-02,1382873
2023-10-19,3662481
2018-08-08,610875
2023-06-19,3301971
2018-08-04,568768
2017-08-14,482238
2019-07-22,782544
2016-11-19,268032
2023-01-16,2841896
2025-08-09,1451797
2018-06-07,541031
2019-12-19,877719
2019-01-15,695979
2015-11-16,62245
2019-11-11,861635
2022-02-24,2714797
2018-04-07,575626
2020-10-11,1199433
2020-11-23,1368129
2022-05-13,2499153
2019-09-18,827244
2016-01-27,122449
2023-07-19,3322052
2017-05-25,401158
2023-11-24,3518751
2017-05-18,402825
2017-11-19,492506
2021-07-18,1564312
2021-06-28,1702458
2023-11-13,3426509
2021-03-03,1562054
2024-06-30,3303014
2018-01-03,415818
2018-12-06,647296
2016-01-25,123019
2021-05-30,1502252
2017-11-23,518000
2021-08-24,1814119
2025-03-05,3614464
2025-04-02,3397693
2025-08-17,1460994
2024-12-09,3633280
2025-02-21,3717323
2020-08-02,1091956
2024-02-18,3188299
2022-05-06,2479217
2024-10-20,3425916
2017-07-25,450053
2015-11-09,53769
2021-05-28,1601696
2023-12-15,3454751
2023-05-05,3177770
2015-12-09,83054
2018-02-19,605447
2021-01-05,1396514
2019-03-26,748081
2022-03-18,2536096
2024-04-17,3578622
2023-06-14,3194556
2023-07-09,2791880
2023-11-12,3151857
2025-07-09,3573183
2018-10-03,623143
2022-08-03,2581156
2021-05-21,1668650
2024-10-29,3697863
2022-07-09,2247309
2020-03-24,1235260
2025-04-25,3723860
2023-06-01,3363016
2025-08-02,1446229
2016-01-24,115584
2017-09-04,469865
2020-12-07,1379563
2017-12-14,535471
2022-10-13,2785476
2020-12-09,1392231
2016-11-28,272847
2023-05-16,3161462
2025-10-06,675937
2019-06-03,751404
2015-09-22,263
2016-01-21,121529
2016-02-12,117153
2020-09-08,1265314
2021-10-18,1848026
2020-09-26,1225212
2023-10-20,3604341
2023-10-23,3462931
2019-12-28,827870
2022-10-10,2849822
2018-09-13,612447
2019-08-05,797267
2025-04-30,3829667
2022-08-13,2285297
2022-08-30,2745590
2025-03-10,3548671
2022-06-21,2550563
2017-12-18,527760
2020-01-21,989509
2022-11-29,2861437
2020-07-19,1113317
2022-01-09,1752918
2023-01-11,2843214
2022-08-04,2574794
2024-07-23,3633850
2018-06-25,557039
2021-09-07,1792105
2016-12-06,306521
2024-12-05,3627469
2021-11-04,1834464
2024-02-26,3594975
2016-10-09,246654
2023-11-11,3381452
2016-12-04,287365
2020-03-14,1048756
2020-11-16,1331022
2019-04-29,728609
2024-01-09,3477032
2021-11-14,1676726
2024-12-22,3251635
2016-05-08,166120
2015-09-27,15707
2025-04-09,3664748
2019-01-31,694374
2020-11-30,1374322
2020-04-02,1170284
2018-10-19,599836
2020-12-19,1295520
2024-05-18,3320614
2016-08-02,214753
2017-05-28,429882
2024-07-11,3533793
2022-10-08,2620291
2024-02-10,3337072
2018-02-02,574512
2022-08-24,2669892
2025-06-04,3802135
2017-01-20,340676
2020-03-05,1049215
2025-02-04,3613963
2025-01-13,3610770
2025-11-03,103859
2022-12-22,2753833
2017-03-04,360191
2021-10-13,1829405
2015-10-16,31990
2018-10-31,614637
2020-09-12,1201877
2017-08-10,451707
2021-03-30,1540777
2024-12-30,3392527
2024-12-31,3808504
2018-05-19,515286
2020-12-25,1291574
2024-09-18,3635167
2020-08-30,1140458
2021-09-11,1705813
2015-10-13,33043
2024-11-06,4075640
2018-03-24,514360
2022-04-17,2272084
2015-09-24,5306
2023-10-26,3521888
2016-10-21,240230
2022-07-21,2557199
2024-04-11,3365986
2018-08-28,629091
2018-06-13,564895
2021-08-06,1743639
2021-10-30,1683755
2022-03-31,2450056
2019-12-04,880025
2019-04-03,719464
2021-04-19,1663899
2015-12-30,100724
2019-07-31,799688
2019-01-29,713355
2016-02-02,128427
2019-03-23,623274
2025-04-22,3633379
2018-10-22,616586
2018-11-17,611491
2024-08-17,3314779
2024-09-04,3420173
2023-02-02,2931902
2018-05-30,554090
2020-05-31,1109156
2025-11-11,1112
2019-07-21,731617
2021-08-01,1591281
2021-09-18,1708483
2021-07-28,1820087
2016-05-02,161027
2017-03-12,350379
2024-01-11,3508952
2016-02-05,113187
2020-11-02,1327226
2016-08-04,208180
2017-11-13,603294
2024-06-26,3566574
2020-01-15,965502
2025-10-11,471951
2020-02-26,1048352
2019-12-03,895952
2020-06-05,1122250
2024-06-04,3519333
2024-09-21,3370812
2025-03-27,3662740
2019-10-06,722322
2020-06-16,1234745
2025-02-02,3396645
2016-10-01,244897
2019-08-27,912147
2023-04-26,3116233
2016-05-19,167913
2019-11-09,779238
2020-12-23,1400070
2016-09-16,221080
2020-01-04,899822
2016-04-17,159395
2021-03-10,1602197
2024-09-10,3473120
2016-07-03,188641
2025-09-03,1676409
2021-04-30,1629143
2016-06-29,193840
2025-07-22,2519801
2024-01-30,3518402
2019-10-23,828308
2021-12-06,1786375
2018-08-31,576538
2021-12-12,1707927
2024-05-01,3602145
2018-02-17,568203
2020-03-13,1066596
2022-11-08,2736384
2017-12-28,537910
2022-02-28,2540001
2017-12-01,544434
2018-10-08,614842
2019-08-07,798094
2017-03-30,336189
2015-12-02,69023
2017-03-03,344531
2019-07-14,734686
2023-10-06,3267431
2020-10-30,1263216
2023-02-16,2956686
2025-10-16,411685
2017-10-26,513693
2016-04-11,158316
2019-01-25,651554
2016-12-17,289107
2024-07-31,3924663
2016-03-02,134492
2020-06-28,1188087
2022-04-28,2511558
2025-09-13,1590427
2017-05-29,437115
2018-01-07,462622
2019-04-15,764152
2015-11-29,74841
2016-03-28,135161
2023-05-19,3142784
2023-10-07,3875739
2022-02-20,1876430
2025-10-25,268833
2024-01-20,3239386
2021-03-15,1621481
2022-12-20,2819994
2025-10-03,875357
2021-08-27,1814920
2020-09-01,1279564
2017-04-15,394251
2019-12-06,833873
2017-05-11,420619
2023-06-08,3287414
2023-09-22,3375316
2017-05-31,455841
2021-03-05,1512848
2021-09-26,1687915
2021-07-06,1718394
2024-11-30,3472932
2017-10-11,493106
2019-03-14,709806
2018-08-03,559408
2022-03-23,2341625
2017-09-15,463955
2019-07-09,757614
2019-07-02,733961
2022-06-15,2521524
2023-12-27,3412793
2016-10-28,245554
2018-07-31,586847
2022-11-18,2714329
2024-11-15,3602391
2020-08-27,1261154
2023-09-20,3343894
2018-01-11,494208
2020-09-11,1206015
2016-04-08,145853
2016-07-11,194047
2020-04-22,1213858
2021-04-09,1586325
2024-07-25,3633647
2015-12-04,73466
2017-07-06,423914
2018-08-07,576248
2023-02-25,2861843
2023-11-30,3549709
2019-10-02,828739
2024-04-24,3645882
2025-10-26,245695
2024-05-16,3542547
2024-10-22,3613094
2021-01-22,1487574
